Chr;Pos_init;Pos_end;Strand;Size;Id;AS;N transcripts
Y;2966844;3002626;-1;35782;ENSG00000233070;ZFY-AS1;2
Y;14793642;14804033;-1;10391;ENSG00000228787;NLGN4Y-AS1;1
13;24315725;24321598;-1;5873;ENSG00000240868;C1QTNF9-AS1;1
13;28136843;28138193;-1;1350;ENSG00000261485;PAN3-AS1;1
13;33180401;33281584;1;101183;ENSG00000236581;STARD13-AS;49
13;30881933;30933846;-1;51913;ENSG00000224743;TEX26-AS1;18
13;29476515;29490105;-1;13590;ENSG00000179141;MTUS2-AS1;3
13;29239379;29250554;-1;11175;ENSG00000236758;MTUS2-AS2;3
13;38821798;38827570;-1;5772;ENSG00000225350;FREM2-AS1;1
13;24252749;24254439;-1;1690;ENSG00000227213;SPATA13-AS1;1
13;27162855;27169135;1;6280;ENSG00000232162;USP12-AS1;1
13;60012734;60044357;1;31623;ENSG00000227528;DIAPH3-AS1;4
13;66990886;67002007;1;11121;ENSG00000233840;PCDH9-AS4;1
13;79477364;79481231;-1;3867;ENSG00000232132;NDFIP2-AS1;1
13;66825169;66915031;1;89862;ENSG00000228842;PCDH9-AS2;2
13;77919689;78617328;1;697639;ENSG00000234377;OBI1-AS1;14
18;6728821;6729862;-1;1041;ENSG00000266441;ARHGAP28-AS1;1
13;79406293;79427317;1;21024;ENSG00000227354;RBM26-AS1;8
13;26606544;26641793;-1;35249;ENSG00000237001;WASF3-AS1;9
13;66977432;66985776;1;8344;ENSG00000225263;PCDH9-AS3;1
18;11851414;11852751;-1;1337;ENSG00000267165;CHMP1B-AS1;1
21;17835016;17885608;-1;50592;ENSG00000231755;CHODL-AS1;1
18;9615264;9619363;1;4099;ENSG00000263627;PPP4R1-AS1;1
18;4264602;4295405;1;30803;ENSG00000261520;DLGAP1-AS5;4
18;26655737;27190698;1;534961;ENSG00000260372;AQP4-AS1;17
22;15699361;15703403;-1;4042;ENSG00000236666;POTEH-AS1;1
21;29748175;29764002;1;15827;ENSG00000174680;GRIK1-AS1;7
21;29370019;29376339;-1;6320;ENSG00000232118;BACH1-AS1;2
18;3962353;4024150;1;61797;ENSG00000263878;DLGAP1-AS4;8
22;31205264;31205616;-1;352;ENSG00000254835;RNF185-AS1;1
18;23994213;24015339;-1;21126;ENSG00000264745;TTC39C-AS1;1
22;30239194;30240538;1;1344;ENSG00000232530;LIF-AS1;1
22;25876854;25903247;-1;26393;ENSG00000231933;MYO18B-AS1;28
18;48162039;48184725;1;22686;ENSG00000286583;ZBTB7C-AS1;1
20;5990943;6005821;-1;14878;ENSG00000278719;MCM8-AS1;1
20;1633508;1648472;1;14964;ENSG00000237914;SIRPG-AS1;2
20;11909404;11918677;-1;9273;ENSG00000236526;BTBD3-AS1;1
20;18809728;18830153;-1;20425;ENSG00000149443;SCP2D1-AS1;2
13;100464440;100481205;-1;16765;ENSG00000234650;PCCA-AS1;3
13;98577244;98578830;1;1586;ENSG00000224418;STK24-AS1;1
21;32772100;32955437;1;183337;ENSG00000205930;C21orf62-AS1;13
13;77599755;77606551;-1;6796;ENSG00000224347;SCEL-AS1;2
20;21511447;21512309;1;862;ENSG00000258197;NKX2-2-AS1;1
18;6256747;6260934;1;4187;ENSG00000264707;L3MBTL4-AS1;1
21;32020966;32021782;-1;816;ENSG00000237138;HUNK-AS1;1
18;45423764;45483218;-1;59454;ENSG00000267097;SLC14A2-AS1;4
20;18674395;18698709;-1;24314;ENSG00000233993;DTD1-AS1;1
20;8019180;8043512;1;24332;ENSG00000229766;TMX4-AS1;5
20;1947246;2030028;1;82782;ENSG00000233896;PDYN-AS1;2
13;92701389;92721614;-1;20225;ENSG00000235984;GPC5-AS1;2
22;30008742;30080480;-1;71738;ENSG00000227117;HORMAD2-AS1;3
20;13237801;13239674;-1;1873;ENSG00000226263;ISM1-AS1;1
20;14884250;14929528;-1;45278;ENSG00000235914;MACROD2-AS1;4
13;92339794;92379536;-1;39742;ENSG00000232885;GPC5-AS2;2
18;67516546;67899619;1;383073;ENSG00000265533;DSEL-AS1;1
22;30246205;30246998;1;793;ENSG00000268812;LIF-AS2;1
22;32583300;32584204;1;904;ENSG00000236054;SYN3-AS1;1
13;100708325;101059286;1;350961;ENSG00000233009;NALCN-AS1;1
13;66303871;66323561;1;19690;ENSG00000234527;PCDH9-AS1;1
13;98435405;98435840;-1;435;ENSG00000231194;FARP1-AS1;1
13;44575893;44580432;1;4539;ENSG00000278156;TSC22D1-AS1;3
21;37717102;37719569;-1;2467;ENSG00000233213;KCNJ6-AS1;1
22;36847372;36870441;-1;23069;ENSG00000183822;NCF4-AS1;2
21;26393635;26569252;1;175617;ENSG00000197934;CYYR1-AS1;2
21;14582202;14598303;1;16101;ENSG00000223662;SAMSN1-AS1;1
13;113128155;113128880;-1;725;ENSG00000231882;F10-AS1;1
13;95479444;95533910;-1;54466;ENSG00000223392;CLDN10-AS1;1
22;25561117;25564719;-1;3602;ENSG00000234884;GRK3-AS1;6
X;3659487;3668192;1;8705;ENSG00000236188;PRKX-AS1;1
X;1401769;1414028;1;12259;ENSG00000236017;ASMTL-AS1;5
20;42968743;42971492;1;2749;ENSG00000227599;PTPRT-AS1;1
22;41174591;41197456;-1;22865;ENSG00000231993;EP300-AS1;1
20;44694892;44746021;-1;51129;ENSG00000244558;KCNK15-AS1;4
21;32393130;32393960;1;830;ENSG00000256073;URB1-AS1;1
18;3878058;3897069;1;19011;ENSG00000263724;DLGAP1-AS3;5
21;42102134;42108534;-1;6400;ENSG00000184385;UMODL1-AS1;1
21;42009194;42055130;1;45936;ENSG00000237232;ZNF295-AS1;11
13;109101261;109101919;-1;658;ENSG00000229938;MYO16-AS2;1
13;109163902;109201483;-1;37581;ENSG00000236242;MYO16-AS1;1
21;36060432;36064408;1;3976;ENSG00000236677;SETD4-AS1;1
21;36069642;36126640;-1;56998;ENSG00000230212;CBR1-AS1;2
13;77779723;77844145;1;64422;ENSG00000225579;EDNRB-AS1;3
13;48001389;48002552;1;1163;ENSG00000227848;SUCLA2-AS1;1
13;98832084;98834629;1;2545;ENSG00000229918;DOCK9-AS1;1
22;26241331;26254092;-1;12761;ENSG00000224192;SEZ6L-AS1;1
18;74590317;74598885;-1;8568;ENSG00000264247;ZNF407-AS1;10
20;20258407;20267809;-1;9402;ENSG00000243810;CFAP61-AS1;1
13;94154193;94187991;-1;33798;ENSG00000236520;GPC6-AS1;1
13;102367539;102373666;1;6127;ENSG00000234445;FGF14-AS1;2
13;102394630;102395703;1;1073;ENSG00000272143;FGF14-AS2;1
21;36966461;36975164;1;8703;ENSG00000224790;HLCS-AS1;3
13;93818424;93836144;-1;17720;ENSG00000224394;GPC6-AS2;1
20;50645471;50662275;1;16804;ENSG00000234693;RIPOR3-AS1;2
13;23418971;23428869;1;9898;ENSG00000229558;SACS-AS1;1
13;50862172;50910764;-1;48592;ENSG00000233672;RNASEH2B-AS1;13
20;34441592;34442025;-1;433;ENSG00000236388;ITCH-AS1;1
22;46053705;46057210;1;3505;ENSG00000241990;PRR34-AS1;3
21;45407386;45410065;-1;2679;ENSG00000224574;COL18A1-AS2;1
21;45419716;45425070;-1;5354;ENSG00000183535;COL18A1-AS1;2
20;59624904;59628295;-1;3391;ENSG00000238194;PHACTR3-AS1;4
21;32277863;32280988;1;3125;ENSG00000227256;MIS18A-AS1;1
21;32306464;32308737;-1;2273;ENSG00000232623;MRAP-AS1;1
X;72688950;72712348;1;23398;ENSG00000231944;PHKA1-AS1;1
X;46545438;46548841;1;3403;ENSG00000230844;ZNF674-AS1;3
X;43949732;43971582;1;21850;ENSG00000236276;NDP-AS1;2
X;63349646;63352178;1;2532;ENSG00000233661;SPIN4-AS1;1
13;113815630;113845744;1;30114;ENSG00000233695;GAS6-AS1;2
13;48077137;48079991;1;2854;ENSG00000229111;MED4-AS1;1
18;31542146;31556948;-1;14802;ENSG00000264859;DSG2-AS1;4
14;32074946;32076793;-1;1847;ENSG00000258655;ARHGAP5-AS1;1
14;30437992;30573629;-1;135637;ENSG00000257636;G2E3-AS1;4
21;39313935;39314962;1;1027;ENSG00000255568;BRWD1-AS2;1
21;39315707;39323218;1;7511;ENSG00000238141;BRWD1-AS1;1
22;43038585;43052366;1;13781;ENSG00000230319;TTLL1-AS1;1
22;43212674;43213661;1;987;ENSG00000236272;SCUBE1-AS2;1
20;57214872;57215866;1;994;ENSG00000235032;BMP7-AS1;1
13;75604700;75635994;-1;31294;ENSG00000261105;LMO7-AS1;3
13;45341345;45417975;1;76630;ENSG00000170919;TPT1-AS1;50
21;39597147;39612910;-1;15763;ENSG00000184809;B3GALT5-AS1;7
22;41207592;41228500;-1;20908;ENSG00000235513;L3MBTL2-AS1;4
21;40383083;40385358;1;2275;ENSG00000235123;DSCAM-AS1;4
13;45418162;45420371;1;2209;ENSG00000251015;SLC25A30-AS1;1
10;17386919;17445758;1;58839;ENSG00000204832;ST8SIA6-AS1;5
22;43516107;43560063;1;43956;ENSG00000223843;EFCAB6-AS1;2
22;43275955;43283830;1;7875;ENSG00000203527;SCUBE1-AS1;1
13;46852143;46856299;1;4156;ENSG00000224517;HTR2A-AS1;3
13;60144648;60153678;1;9030;ENSG00000223815;DIAPH3-AS2;1
10;25158072;25176276;-1;18204;ENSG00000233642;GPR158-AS1;1
6;4774526;4775408;-1;882;ENSG00000236336;CDYL-AS1;1
13;36346431;36369601;1;23170;ENSG00000120664;SPART-AS1;4
22;46914092;46916042;-1;1950;ENSG00000280080;TBC1D22A-AS1;2
X;70148582;70149654;-1;1072;ENSG00000220925;IGBP1-AS2;1
10;11611305;11612227;1;922;ENSG00000271360;USP6NL-AS1;1
6;6346465;6622771;-1;276306;ENSG00000216863;LY86-AS1;12
X;97431286;97642589;-1;211303;ENSG00000236256;DIAPH2-AS1;4
15;39588357;39588882;-1;525;ENSG00000278621;THBS1-AS1;1
14;61294909;61322838;-1;27929;ENSG00000247287;PRKCH-AS1;3
22;32205115;32278382;1;73267;ENSG00000242082;SLC5A4-AS1;2
13;110456396;110463287;-1;6891;ENSG00000224821;COL4A2-AS2;1
13;110502575;110508179;-1;5604;ENSG00000232814;COL4A2-AS1;1
6;28587378;28591747;1;4369;ENSG00000246350;ZBED9-AS1;1
22;31925519;31945518;-1;19999;ENSG00000128254;YWHAH-AS1;8
20;63953384;63956985;1;3601;ENSG00000280213;UCKL1-AS1;1
20;25624045;25689032;1;64987;ENSG00000213742;ZNF337-AS1;7
8;1565509;1622417;-1;56908;ENSG00000253267;DLGAP2-AS1;2
13;41955808;41981565;1;25757;ENSG00000278338;VWA8-AS1;2
10;44997698;45000888;-1;3190;ENSG00000165511;ZNF22-AS1;1
22;24429206;24495074;-1;65868;ENSG00000178803;ADORA2A-AS1;4
8;20275773;20290458;1;14685;ENSG00000253733;LZTS1-AS1;1
13;21005157;21018122;1;12965;ENSG00000233851;LATS2-AS1;1
X;72998388;73002856;-1;4468;ENSG00000226725;PABPC1L2B-AS1;1
15;42739118;42743202;1;4084;ENSG00000246283;TTBK2-AS1;2
14;71292729;71321882;-1;29153;ENSG00000259146;SIPA1L1-AS1;3
14;73057925;73059415;-1;1490;ENSG00000258813;RBM25-AS1;1
14;65411170;65412690;-1;1520;ENSG00000276116;FUT8-AS1;1
6;15247815;15248634;-1;819;ENSG00000235488;JARID2-AS1;1
6;10404502;10407928;1;3426;ENSG00000285278;TFAP2A-AS2;1
13;32025314;32031639;-1;6325;ENSG00000237637;FRY-AS1;1
14;73242651;73245979;-1;3328;ENSG00000258376;PAPLN-AS1;1
6;11043482;11079154;1;35672;ENSG00000230314;ELOVL2-AS1;9
20;35433029;35435450;1;2421;ENSG00000204183;GDF5-AS1;1
21;42733594;42741758;-1;8164;ENSG00000225731;PDE9A-AS1;1
10;27744786;27767794;1;23008;ENSG00000230500;MKX-AS1;2
13;105459055;105505681;-1;46626;ENSG00000232307;DAOA-AS1;1
18;55452533;55482940;1;30407;ENSG00000267028;TCF4-AS1;1
18;55492175;55496392;1;4217;ENSG00000267402;TCF4-AS2;1
10;11849608;11894700;-1;45092;ENSG00000225778;PROSER2-AS1;2
10;50623466;50641451;1;17985;ENSG00000226200;SGMS1-AS1;3
15;40088832;40089386;1;554;ENSG00000259409;BMF-AS1;1
6;10409340;10416446;1;7106;ENSG00000229950;TFAP2A-AS1;2
21;44250813;44251520;1;707;ENSG00000232010;DNMT3L-AS1;1
13;51452364;51554678;1;102314;ENSG00000236778;INTS6-AS1;33
20;44347552;44355185;-1;7633;ENSG00000226812;R3HDML-AS1;2
20;44372746;44395706;-1;22960;ENSG00000229005;HNF4A-AS1;2
15;27038978;27161319;-1;122341;ENSG00000228740;GABRG3-AS1;4
18;58670009;58671877;-1;1868;ENSG00000267226;MALT1-AS1;1
21;44414588;44425272;-1;10684;ENSG00000230061;TRPM2-AS;2
21;44506807;44516575;1;9768;ENSG00000235890;TSPEAR-AS1;2
21;44517216;44525952;1;8736;ENSG00000182912;TSPEAR-AS2;3
X;138711452;138716617;1;5165;ENSG00000226031;FGF13-AS1;2
13;111113812;111115678;-1;1866;ENSG00000235875;ARHGEF7-AS2;1
10;52230398;52314507;-1;84109;ENSG00000236671;PRKG1-AS1;6
22;40372664;40388290;-1;15626;ENSG00000229999;SGSM3-AS1;3
22;40521800;40526707;1;4907;ENSG00000232564;MRTFA-AS1;1
22;30922308;30932449;1;10141;ENSG00000235989;MORC2-AS1;6
X;115518182;115562731;-1;44549;ENSG00000271826;PLS3-AS1;2
X;149878836;149881070;-1;2234;ENSG00000230899;MAGEA8-AS1;1
X;132217053;132432862;1;215809;ENSG00000232160;RAP2C-AS1;4
X;151175192;151177836;-1;2644;ENSG00000234696;GPR50-AS1;1
21;45827961;45837987;-1;10026;ENSG00000205424;PCBP3-AS1;1
10;49121839;49151547;1;29708;ENSG00000234736;FAM170B-AS1;4
13;111144305;111144733;-1;428;ENSG00000227352;ARHGEF7-AS1;1
13;77026767;77129717;1;102950;ENSG00000236051;MYCBP2-AS1;10
13;77080511;77081190;-1;679;ENSG00000229521;MYCBP2-AS2;1
13;112745449;112754693;-1;9244;ENSG00000232684;ATP11A-AS1;1
13;112967484;112968824;-1;1340;ENSG00000235280;MCF2L-AS1;1
22;38991559;38998209;-1;6650;ENSG00000249310;APOBEC3B-AS1;1
22;39475807;39476822;-1;1015;ENSG00000227188;MGAT3-AS1;1
20;63448051;63449329;1;1278;ENSG00000226390;KCNQ2-AS1;1
6;38923029;38953099;-1;30070;ENSG00000231150;DNAH8-AS1;3
21;46151614;46152647;1;1033;ENSG00000237338;FTCD-AS1;1
18;13419421;13427480;-1;8059;ENSG00000267690;LDLRAD4-AS1;1
6;17706257;17707344;1;1087;ENSG00000272269;NUP153-AS1;1
21;46229196;46259390;1;30194;ENSG00000215424;MCM3AP-AS1;15
13;99690081;99690971;-1;890;ENSG00000227659;CLYBL-AS2;1
13;99726245;99728971;-1;2726;ENSG00000234303;CLYBL-AS1;2
18;3255436;3261850;-1;6414;ENSG00000264235;MYL12-AS1;2
20;35285251;35285756;1;505;ENSG00000235214;FAM83C-AS1;1
10;75401519;75408982;1;7463;ENSG00000237149;ZNF503-AS2;6
5;10441290;10441792;-1;502;ENSG00000250600;ROPN1L-AS1;1
10;85577731;85607213;1;29482;ENSG00000234942;GRID1-AS1;4
22;33725007;33750843;1;25836;ENSG00000224973;LARGE-AS1;10
10;77927372;77929824;1;2452;ENSG00000233871;DLG5-AS1;2
10;63465229;63466563;1;1334;ENSG00000272767;JMJD1C-AS1;1
14;44876874;44897077;-1;20203;ENSG00000258633;RRAGAP1-AS1;1
14;89417354;89419793;1;2439;ENSG00000258920;FOXN3-AS1;1
22;33922422;33922766;1;344;ENSG00000273082;LARGE1-AS1;1
X;135520083;135520674;-1;591;ENSG00000225235;INTS6L-AS1;1
12;203642;205094;1;1452;ENSG00000256577;SLC6A12-AS1;1
X;91414878;91434999;-1;20121;ENSG00000234161;PABPC5-AS1;1
12;10214161;10214761;-1;600;ENSG00000255958;GABARAPL1-AS1;1
12;8776219;8830947;-1;54728;ENSG00000256661;A2ML1-AS1;1
14;80211419;80455469;1;244050;ENSG00000258766;DIO2-AS1;1
X;47658833;47692326;1;33493;ENSG00000267064;UXT-AS1;6
14;56813183;57152177;1;338994;ENSG00000248550;OTX2-AS1;5
6;57114894;57174236;-1;59342;ENSG00000226803;ZNF451-AS1;22
20;3106913;3150867;1;43954;ENSG00000235958;UBOX5-AS1;2
12;8819816;8820713;-1;897;ENSG00000256904;A2ML1-AS2;1
12;2796877;2812902;-1;16025;ENSG00000258325;ITFG2-AS1;3
21;31559245;31560487;1;1242;ENSG00000237594;TIAM1-AS1;1
20;31567707;31573263;-1;5556;ENSG00000230613;HM13-AS1;1
20;31686216;31716825;1;30609;ENSG00000236559;BCL2L1-AS1;1
15;67290636;67521844;-1;231208;ENSG00000259673;IQCH-AS1;10
15;41016807;41027893;1;11086;ENSG00000259521;INO80-AS1;2
14;51649516;51651744;-1;2228;ENSG00000273888;FRMD6-AS1;1
X;155466540;155611616;1;145076;ENSG00000224533;TMLHE-AS1;2
13;43458465;43459484;1;1019;ENSG00000238189;ENOX1-AS2;1
13;43543918;43548056;1;4138;ENSG00000233821;ENOX1-AS1;1
5;43511058;43521811;1;10753;ENSG00000248554;C5orf34-AS1;1
13;113351645;113361868;1;10223;ENSG00000225083;GRTP1-AS1;3
13;113468901;113476135;1;7234;ENSG00000233613;DCUN1D2-AS;2
20;21154023;21218289;-1;64266;ENSG00000232712;KIZ-AS1;3
20;18313765;18315111;-1;1346;ENSG00000237259;ZNF133-AS1;1
20;9505180;9514998;-1;9818;ENSG00000225988;LAMP5-AS1;1
5;43571594;43603230;-1;31636;ENSG00000248092;NNT-AS1;8
12;14567393;14624191;1;56798;ENSG00000256751;PLBD1-AS1;3
14;51454512;51599952;-1;145440;ENSG00000258537;FRMD6-AS2;2
6;38481692;38482531;1;839;ENSG00000226533;BTBD9-AS1;1
6;52576787;52643058;1;66271;ENSG00000225791;TRAM2-AS1;16
10;82228985;82232920;-1;3935;ENSG00000225738;NRG3-AS1;3
19;4679282;4685948;1;6666;ENSG00000205790;DPP9-AS1;1
5;34837549;34839278;-1;1729;ENSG00000272323;TTC23L-AS1;1
12;15151923;15155283;1;3360;ENSG00000255660;RERG-AS1;1
20;46013500;46022073;-1;8573;ENSG00000204044;SLC12A5-AS1;2
13;44110451;44240517;1;130066;ENSG00000227258;SMIM2-AS1;7
15;40300670;40301820;1;1150;ENSG00000259307;PLCB2-AS1;1
13;99181223;99200757;-1;19534;ENSG00000228889;UBAC2-AS1;11
13;46052497;46161379;1;108882;ENSG00000235903;CPB2-AS1;20
13;94703454;94803430;1;99976;ENSG00000227640;SOX21-AS1;7
13;19674624;19675884;1;1260;ENSG00000226352;PSPC1-AS2;1
8;30382119;30385401;-1;3282;ENSG00000254109;RBPMS-AS1;4
21;17611708;17633199;1;21491;ENSG00000280594;BTG3-AS1;3
21;36131767;36175815;-1;44048;ENSG00000236830;CBR3-AS1;25
20;33787373;33811109;-1;23736;ENSG00000230753;ZNF341-AS1;3
6;45573346;45576770;-1;3424;ENSG00000261080;RUNX2-AS1;1
X;12373167;12375133;-1;1966;ENSG00000223487;FRMPD4-AS1;1
X;12902817;12908333;-1;5516;ENSG00000233338;TLR8-AS1;1
X;17552349;17557387;-1;5038;ENSG00000230020;NHS-AS1;1
21;32728094;32747065;1;18971;ENSG00000238197;PAXBP1-AS1;16
21;44921051;44929680;1;8629;ENSG00000227039;ITGB2-AS1;9
11;1242261;1249676;-1;7415;ENSG00000255177;MUC5B-AS1;1
20;41098019;41138003;-1;39984;ENSG00000226648;PLCG1-AS1;6
6;112236093;112307009;1;70916;ENSG00000226440;LAMA4-AS1;9
6;99993934;100107613;1;113679;ENSG00000229315;MCHR2-AS1;9
11;19978699;19981337;-1;2638;ENSG00000254542;NAV2-AS3;1
14;89576216;89577477;1;1261;ENSG00000259073;FOXN3-AS2;1
10;18001786;18010562;-1;8776;ENSG00000226083;SLC39A12-AS1;2
11;19510890;19519896;-1;9006;ENSG00000254622;NAV2-AS4;1
11;14262846;14273691;-1;10845;ENSG00000254418;SPON1-AS1;1
12;10363638;10398506;1;34868;ENSG00000245648;KLRK1-AS1;6
11;19196775;19281426;1;84651;ENSG00000255308;CSRP3-AS1;1
5;20305565;20347972;1;42407;ENSG00000249854;CDH18-AS1;3
6;104864464;104941447;-1;76983;ENSG00000203809;LIN28B-AS1;7
X;41520036;41522336;1;2300;ENSG00000233033;CASK-AS1;1
18;31343368;31426988;-1;83620;ENSG00000266729;DSG1-AS1;4
12;27389789;27446625;-1;56836;ENSG00000245311;ARNTL2-AS1;1
19;15124160;15126174;1;2014;ENSG00000268564;ILVBL-AS1;1
21;37187666;37193926;-1;6260;ENSG00000228677;TTC3-AS1;1
5;38399814;38403471;-1;3657;ENSG00000248572;EGFLAM-AS2;5
15;40250664;40252969;-1;2305;ENSG00000176753;PAK6-AS1;2
20;19242302;19284596;-1;42294;ENSG00000179447;SLC24A3-AS1;1
12;45050901;45103107;1;52206;ENSG00000257319;DBX2-AS1;1
11;26285578;26331289;-1;45711;ENSG00000254819;ANO3-AS1;1
10;124703625;124714217;1;10592;ENSG00000233334;FAM53B-AS1;3
10;101229577;101270148;1;40571;ENSG00000227128;LBX1-AS1;6
10;99927010;99959050;1;32040;ENSG00000227695;DNMBP-AS1;4
11;19710934;19712619;-1;1685;ENSG00000270607;NAV2-AS6;1
X;153735626;153766478;-1;30852;ENSG00000232725;PLXNB3-AS1;2
6;100427118;100437484;1;10366;ENSG00000228082;SIM1-AS1;1
22;41831215;41834665;-1;3450;ENSG00000184068;SREBF2-AS1;1
11;27047186;27220113;-1;172927;ENSG00000254560;BBOX1-AS1;5
14;22918947;22926900;1;7953;ENSG00000237054;PRMT5-AS1;7
11;19502672;19507229;-1;4557;ENSG00000255043;NAV2-AS5;2
20;62663019;62666724;-1;3705;ENSG00000232803;SLCO4A1-AS1;3
10;104323369;104327004;1;3635;ENSG00000228261;ITPRIP-AS1;1
6;125797856;125818858;-1;21002;ENSG00000232131;NCOA7-AS1;1
20;62800627;62805587;-1;4960;ENSG00000229873;OGFR-AS1;1
12;53993810;53996785;-1;2975;ENSG00000250133;HOXC-AS2;2
6;70412828;70413950;-1;1122;ENSG00000224349;FAM135A-AS1;1
X;153880672;153888990;1;8318;ENSG00000273769;L1CAM-AS1;1
10;116670034;116672750;1;2716;ENSG00000232767;HSPA12A-AS1;2
5;37811589;37953827;1;142238;ENSG00000248587;GDNF-AS1;6
20;3888239;3888868;-1;629;ENSG00000229539;PANK2-AS1;1
9;33166948;33182865;1;15917;ENSG00000233554;B4GALT1-AS1;3
8;78268637;78558503;-1;289866;ENSG00000254266;PKIA-AS1;5
5;83531352;83581320;-1;49968;ENSG00000249835;VCAN-AS1;2
X;153969325;153970087;1;762;ENSG00000235802;HCFC1-AS1;1
8;86333274;86343429;-1;10155;ENSG00000254231;WWP1-AS1;3
11;27506830;27698231;1;191401;ENSG00000245573;BDNF-AS;55
20;316860;348490;-1;31630;ENSG00000225377;NRSN2-AS1;4
15;58434890;58498735;-1;63845;ENSG00000259293;LIPC-AS1;1
12;49951512;49962924;-1;11412;ENSG00000257588;AQP5-AS1;3
14;23511760;23560778;1;49018;ENSG00000157306;ZFHX2-AS1;5
8;85440596;85464915;-1;24319;ENSG00000253549;CA3-AS1;8
12;53999022;54000010;-1;988;ENSG00000250451;HOXC-AS1;2
8;71828167;72118393;1;290226;ENSG00000235531;MSC-AS1;14
4;15004942;15427914;-1;422972;ENSG00000249252;C1QTNF7-AS1;2
X;107512983;107545821;-1;32838;ENSG00000227610;FRMPD3-AS1;1
14;23561097;23568073;1;6976;ENSG00000258727;AP1G2-AS1;1
5;80947694;80960907;-1;13213;ENSG00000251450;RASGRF2-AS1;4
4;10006482;10009725;1;3243;ENSG00000250413;SLC2A9-AS1;1
6;116460739;116463692;-1;2953;ENSG00000244158;CALHM6-AS1;1
X;103626076;103626492;-1;416;ENSG00000224031;TCEAL3-AS1;1
X;103687284;103691772;1;4488;ENSG00000231154;MORF4L2-AS1;1
2;3481242;3482409;-1;1167;ENSG00000225234;TRAPPC12-AS1;1
19;18940235;18947452;1;7217;ENSG00000269019;HOMER3-AS1;1
X;49198966;49202454;1;3488;ENSG00000237341;SYP-AS1;1
14;93067452;93072152;1;4700;ENSG00000258730;ITPK1-AS1;1
8;73420004;73441526;1;21522;ENSG00000253302;STAU2-AS1;2
22;29024999;29031476;-1;6477;ENSG00000177993;ZNRF3-AS1;1
8;68302246;68331689;-1;29443;ENSG00000248801;C8orf34-AS1;10
X;48056310;48066583;1;10273;ENSG00000277541;ZNF630-AS1;1
12;24223233;24260056;1;36823;ENSG00000256120;SOX5-AS1;18
5;38425036;38427376;-1;2340;ENSG00000249491;EGFLAM-AS1;1
11;47270657;47272110;-1;1453;ENSG00000256746;MADD-AS1;2
10;125574371;125578445;1;4074;ENSG00000237675;TEX36-AS1;2
10;131095218;131095777;1;559;ENSG00000230098;TCERG1L-AS1;1
9;21994139;22128103;1;133964;ENSG00000240498;CDKN2B-AS1;28
8;96235427;96239149;1;3722;ENSG00000254224;UQCRB-AS1;2
11;20119684;20120632;-1;948;ENSG00000254894;NAV2-AS1;1
5;111912508;112017309;1;104801;ENSG00000250095;NREP-AS1;3
20;50930984;50945148;1;14164;ENSG00000259456;ADNP-AS1;4
5;98769618;98773469;-1;3851;ENSG00000246763;RGMB-AS1;8
12;53981509;53985519;-1;4010;ENSG00000251151;HOXC-AS3;4
6;39881804;39900071;-1;18267;ENSG00000235033;DAAM2-AS1;6
12;46371463;46373778;1;2315;ENSG00000258096;SLC38A2-AS1;1
9;74952968;74996293;1;43325;ENSG00000203321;CARNMT1-AS1;1
9;83219288;83238463;1;19175;ENSG00000229109;FRMD3-AS1;4
15;58065225;58071043;1;5818;ENSG00000259285;ALDH1A2-AS1;1
9;12698554;12814377;-1;115823;ENSG00000235448;LURAP1L-AS1;4
7;3264032;3302452;-1;38420;ENSG00000236708;SDK1-AS1;1
15;63544247;63601589;-1;57342;ENSG00000259248;USP3-AS1;15
4;4542131;4787359;1;245228;ENSG00000247708;STX18-AS1;19
10;125725634;125752110;-1;26476;ENSG00000236991;EDRF1-AS1;16
5;111510396;111739726;1;229330;ENSG00000246859;STARD4-AS1;4
12;20361732;20370262;-1;8530;ENSG00000256879;PDE3A-AS1;1
12;79934901;79942712;1;7811;ENSG00000257557;PPP1R12A-AS1;1
5;61732774;61735715;-1;2941;ENSG00000251575;C5orf64-AS1;3
9;68353614;68357893;-1;4279;ENSG00000224958;PGM5-AS1;7
8;73297711;73356461;-1;58750;ENSG00000250295;RDH10-AS1;3
9;77456295;77526697;1;70402;ENSG00000231373;GNA14-AS1;1
6;160990318;160992342;-1;2024;ENSG00000272841;MAP3K4-AS1;1
5;52930606;52990278;-1;59672;ENSG00000249899;ITGA2-AS1;3
5;135033280;135358219;1;324939;ENSG00000224186;PITX1-AS1;6
5;44388732;44413989;1;25257;ENSG00000248464;FGF10-AS1;1
22;23894426;23898930;-1;4504;ENSG00000218537;MIF-AS1;1
4;16226685;16320140;1;93455;ENSG00000263327;TAPT1-AS1;3
10;125972188;125973126;-1;938;ENSG00000233409;FANK1-AS1;1
6;89673469;89675783;1;2314;ENSG00000228124;MDN1-AS1;1
4;1210120;1218591;1;8471;ENSG00000280927;CTBP1-AS;1
20;63744689;63745958;1;1269;ENSG00000229299;ZBTB46-AS2;2
20;63808076;63816521;1;8445;ENSG00000231208;ZBTB46-AS1;1
9;96246462;96250393;1;3931;ENSG00000232283;HSD17B3-AS1;1
7;20141916;20153531;1;11615;ENSG00000228598;MACC1-AS1;1
10;109940104;110008381;-1;68277;ENSG00000203876;ADD3-AS1;5
X;38801568;38803883;-1;2315;ENSG00000238123;MID1IP1-AS1;1
2;37949911;38067041;-1;117130;ENSG00000235848;RMDN2-AS1;14
15;60681564;60687248;1;5684;ENSG00000259482;RORA-AS2;3
2;66439088;66444221;-1;5133;ENSG00000230749;MEIS1-AS2;3
7;8262233;8262821;1;588;ENSG00000244239;ICA1-AS1;1
19;31348881;31417794;1;68913;ENSG00000267662;TSHZ3-AS1;1
19;44631573;44725217;-1;93644;ENSG00000266903;CEACAM16-AS1;5
14;28726675;28765292;-1;38617;ENSG00000257126;FOXG1-AS1;5
6;84687712;84709578;1;21866;ENSG00000228290;TBX18-AS1;12
14;75970924;75971587;1;663;ENSG00000258876;TGFB3-AS1;1
19;48255675;48258199;1;2524;ENSG00000268001;CARD8-AS1;1
2;45674701;45675476;-1;775;ENSG00000228481;PRKCE-AS1;1
19;48262900;48271283;-1;8383;ENSG00000268186;ZNF114-AS1;1
5;97089075;97437217;1;348142;ENSG00000251513;LIX1-AS1;1
5;115602057;115623897;1;21840;ENSG00000249249;TICAM2-AS1;4
6;53978549;54079726;-1;101177;ENSG00000235050;MLIP-AS1;13
15;60479152;60630637;1;151485;ENSG00000245534;RORA-AS1;7
15;40686183;40695107;-1;8924;ENSG00000245849;RAD51-AS1;5
5;38282264;38290986;-1;8722;ENSG00000248730;EGFLAM-AS4;1
11;27471729;27482433;1;10704;ENSG00000254862;LGR4-AS1;2
6;54365335;54369971;-1;4636;ENSG00000228231;TINAG-AS1;1
6;108922976;108924103;-1;1127;ENSG00000230290;ARMC2-AS1;1
X;30699998;30724174;-1;24176;ENSG00000243055;GK-AS1;1
X;30834623;30835300;1;677;ENSG00000231542;TAB3-AS1;1
X;30854321;30854707;1;386;ENSG00000235512;TAB3-AS2;1
X;24650073;24658237;1;8164;ENSG00000236836;PCYT1B-AS1;1
10;23343957;23345181;1;1224;ENSG00000224215;C10orf67-AS1;1
12;79690144;79778451;1;88307;ENSG00000258048;PPP1R12A-AS2;1
12;67989445;68234686;1;245241;ENSG00000255733;IFNG-AS1;4
18;76491629;76493920;1;2291;ENSG00000265778;ZNF516-AS1;3
18;9121179;9136645;-1;15466;ENSG00000266053;NDUFV2-AS1;4
18;3593732;3598363;1;4631;ENSG00000177337;DLGAP1-AS1;7
X;24146225;24149654;-1;3429;ENSG00000234230;ZFX-AS1;1
18;22164886;22169878;-1;4992;ENSG00000266010;GATA6-AS1;16
15;90966340;90988625;1;22285;ENSG00000258725;PRC1-AS1;6
18;3603000;3610103;1;7103;ENSG00000262001;DLGAP1-AS2;11
18;80147908;80179839;1;31931;ENSG00000267270;PARD6G-AS1;15
10;61452639;61481956;1;29317;ENSG00000237233;TMEM26-AS1;1
8;119867419;119874488;-1;7069;ENSG00000245330;DEPTOR-AS1;2
5;138744434;138753309;-1;8875;ENSG00000253404;CTNNA1-AS1;1
5;82073055;82073702;-1;647;ENSG00000248192;ATG10-AS1;1
19;58347718;58355455;1;7737;ENSG00000268895;A1BG-AS1;9
10;102449816;102461106;1;11290;ENSG00000269609;C10orf95-AS1;13
19;36797502;36831596;1;34094;ENSG00000267254;ZNF790-AS1;9
10;21174014;21175048;1;1034;ENSG00000231920;NEBL-AS1;2
8;123984138;124040782;-1;56644;ENSG00000181171;FER1L6-AS1;1
5;76081946;76084186;-1;2240;ENSG00000248127;SV2C-AS1;1
5;139740951;139747406;-1;6455;ENSG00000249131;PSD2-AS1;4
12;93542022;93571768;-1;29746;ENSG00000246985;SOCS2-AS1;6
5;136214048;136222159;1;8111;ENSG00000248211;TRPC7-AS1;1
5;116447547;116508276;1;60729;ENSG00000248445;SEMA6A-AS1;6
3;363370;385795;-1;22425;ENSG00000234661;CHL1-AS1;2
12;49827913;49841143;1;13230;ENSG00000258057;BCDIN3D-AS1;5
5;80052374;80083654;-1;31280;ENSG00000249825;THBS4-AS1;4
5;123036271;123054667;1;18396;ENSG00000249996;PPIC-AS1;1
3;7951263;8611924;-1;660661;ENSG00000227110;LMCD1-AS1;10
4;48852008;48860203;-1;8195;ENSG00000248256;OCIAD1-AS1;1
3;14144637;14165978;1;21341;ENSG00000228242;XPC-AS1;17
5;136303757;136316100;1;12343;ENSG00000250947;TRPC7-AS2;1
6;128027886;128085248;1;57362;ENSG00000227945;PTPRK-AS1;1
7;26369310;26376701;-1;7391;ENSG00000225792;SNX10-AS1;4
7;29080284;29082527;1;2243;ENSG00000229452;CPVL-AS1;1
9;70033921;70175888;-1;141967;ENSG00000204706;MAMDC2-AS1;23
15;77641764;77652292;1;10528;ENSG00000259666;LINGO1-AS1;5
15;90952239;90955225;-1;2986;ENSG00000258384;RCCD1-AS1;1
11;94545330;94740355;-1;195025;ENSG00000255929;PIWIL4-AS1;2
11;72685075;72693808;1;8733;ENSG00000256007;ARAP1-AS1;1
1;3658938;3668772;-1;9834;ENSG00000227589;TP73-AS3;1
5;38345347;38346551;-1;1204;ENSG00000249071;EGFLAM-AS3;1
5;16615926;16681905;1;65979;ENSG00000246214;RETREG1-AS1;2
8;109644115;109648084;1;3969;ENSG00000248050;SYBU-AS1;1
2;66426735;66433470;-1;6735;ENSG00000226819;MEIS1-AS3;1
3;109707;197341;-1;87634;ENSG00000224318;CHL1-AS2;5
12;89524594;89548005;1;23411;ENSG00000270344;POC1B-AS1;2
3;2110409;2144241;-1;33832;ENSG00000227588;CNTN4-AS2;1
3;35650197;35651961;-1;1764;ENSG00000230830;ARPP21-AS1;1
10;97102756;97104355;1;1599;ENSG00000234855;SLIT1-AS1;3
3;7519741;7560333;-1;40592;ENSG00000236202;GRM7-AS1;2
10;5510036;5526246;-1;16210;ENSG00000205488;CALML3-AS1;4
5;123087248;123090299;-1;3051;ENSG00000223652;PRDM6-AS1;2
6;149243299;149257551;-1;14252;ENSG00000225924;TAB2-AS1;2
16;25140577;25149032;-1;8455;ENSG00000260034;LCMT1-AS2;2
7;34346512;34871582;-1;525070;ENSG00000197085;NPSR1-AS1;7
3;11006098;11019224;-1;13126;ENSG00000232287;SLC6A1-AS1;1
3;9216895;9219508;1;2613;ENSG00000227929;SRGAP3-AS3;1
8;70608577;70663279;1;54702;ENSG00000246366;LACTB2-AS1;5
X;108736011;108739223;1;3212;ENSG00000237863;IRS4-AS1;5
5;93360779;93585649;-1;224870;ENSG00000237187;NR2F1-AS1;75
6;148955628;148964684;-1;9056;ENSG00000227660;UST-AS1;1
22;21938269;21977632;1;39363;ENSG00000224086;PPM1F-AS1;2
6;108123457;108159392;1;35935;ENSG00000225174;OSTM1-AS1;3
10;94081950;94108814;-1;26864;ENSG00000232913;PLCE1-AS2;14
2;76985965;77009791;1;23826;ENSG00000234653;LRRTM4-AS1;1
10;94278681;94287478;-1;8797;ENSG00000268894;PLCE1-AS1;4
3;9192493;9194453;1;1960;ENSG00000228723;SRGAP3-AS2;5
5;17089296;17217047;-1;127751;ENSG00000215196;BASP1-AS1;8
7;27733064;27740395;-1;7331;ENSG00000229893;TAX1BP1-AS1;1
1;7382487;7389754;-1;7267;ENSG00000237728;CAMTA1-AS2;2
4;53496400;53549578;1;53178;ENSG00000250930;LNX1-AS1;4
6;73693903;73696131;-1;2228;ENSG00000231652;CD109-AS1;1
6;149027700;149032573;-1;4873;ENSG00000236591;UST-AS2;1
7;29199540;29208970;-1;9430;ENSG00000235669;CHN2-AS1;1
7;36997796;37013630;1;15834;ENSG00000224101;ELMO1-AS1;1
20;50184598;50191498;-1;6900;ENSG00000277449;CEBPB-AS1;1
3;29926811;29934156;-1;7345;ENSG00000235593;RBMS3-AS1;1
15;77660052;77668074;1;8022;ENSG00000259281;LINGO1-AS2;1
3;29054570;29290726;-1;236156;ENSG00000235904;RBMS3-AS3;5
20;23346941;23351486;-1;4545;ENSG00000234832;NXT1-AS1;1
15;98954149;99105824;-1;151675;ENSG00000259475;SYNM-AS1;1
15;96772005;96783312;-1;11307;ENSG00000259282;SPATA8-AS1;2
3;23804024;23806905;-1;2881;ENSG00000223791;UBE2E1-AS1;1
8;103153394;103298772;-1;145378;ENSG00000247081;BAALC-AS1;15
3;21942566;21979828;1;37262;ENSG00000223351;ZNF385D-AS2;2
19;56595313;56799602;1;204289;ENSG00000269793;ZIM2-AS1;1
22;25102433;25112692;-1;10259;ENSG00000203280;KIAA1671-AS1;1
6;131950946;132077393;1;126447;ENSG00000227220;CCN2-AS1;1
3;6892632;6894022;-1;1390;ENSG00000237665;GRM7-AS2;1
3;21542789;21579959;1;37170;ENSG00000225542;ZNF385D-AS1;2
3;26614261;26622943;-1;8682;ENSG00000225386;LRRC3B-AS1;1
6;143554325;143562031;-1;7706;ENSG00000235740;PHACTR2-AS1;3
11;100684162;100687955;-1;3793;ENSG00000248027;ARHGAP42-AS1;1
8;125040684;125044989;1;4305;ENSG00000253167;WASHC5-AS1;1
10;76888044;76980624;1;92580;ENSG00000236467;KCNMA1-AS1;10
10;77147652;77150100;1;2448;ENSG00000225497;KCNMA1-AS2;2
8;119214625;119246848;-1;32223;ENSG00000253972;MAL2-AS1;6
19;48061371;48064945;1;3574;ENSG00000269420;PLA2G4C-AS1;3
12;57144620;57147619;-1;2999;ENSG00000259125;LRP1-AS;2
5;132003592;132007022;1;3430;ENSG00000223548;ACSL6-AS1;1
2;75524068;75542706;1;18638;ENSG00000231172;EVA1A-AS;1
4;105746245;105827172;-1;80927;ENSG00000251175;GSTCD-AS1;3
4;41748293;41824119;1;75826;ENSG00000250467;PHOX2B-AS1;1
4;81164922;81193395;1;28473;ENSG00000251059;PRKG2-AS1;3
6;163042557;163054161;-1;11604;ENSG00000225437;PACRG-AS2;4
6;163163830;163192038;-1;28208;ENSG00000225683;PACRG-AS3;28
3;6631008;6805479;-1;174471;ENSG00000226258;GRM7-AS3;10
11;119364359;119526664;1;162305;ENSG00000245248;USP2-AS1;14
12;32104117;32107528;-1;3411;ENSG00000257530;BICD1-AS1;1
9;134649385;134653073;-1;3688;ENSG00000204011;COL5A1-AS1;1
9;77176760;77178180;-1;1420;ENSG00000232998;VPS13A-AS1;1
9;129712896;129718635;-1;5739;ENSG00000236024;PRRX2-AS1;1
9;74485551;74499127;-1;13576;ENSG00000224825;RORB-AS1;1
6;142088233;142089219;1;986;ENSG00000236822;NMBR-AS1;1
17;36072866;36090134;1;17268;ENSG00000277089;CCL3-AS1;4
12;81270669;81312422;1;41753;ENSG00000257467;PPFIA2-AS1;11
6;159165899;159170007;-1;4108;ENSG00000233682;FNDC1-AS1;2
19;57267211;57280334;-1;13123;ENSG00000267871;ZNF460-AS1;4
1;8878835;8879894;1;1059;ENSG00000230679;ENO1-AS1;1
2;42143238;42170301;-1;27063;ENSG00000224875;EML4-AS1;2
4;76708853;76802426;-1;93573;ENSG00000233860;SHROOM3-AS1;6
8;118620498;118906155;1;285657;ENSG00000281641;SAMD12-AS1;5
12;52601467;52615305;1;13838;ENSG00000257495;KRT73-AS1;3
8;143366631;143368548;-1;1917;ENSG00000254389;RHPN1-AS1;1
11;72700474;72705607;1;5133;ENSG00000245148;ARAP1-AS2;1
16;47144323;47162749;1;18426;ENSG00000260281;ITFG1-AS1;2
2;54516048;54540697;-1;24649;ENSG00000228108;SPTBN1-AS1;1
5;10627260;10628225;-1;965;ENSG00000250106;ANKRD33B-AS1;1
4;103548745;103624534;1;75789;ENSG00000251577;TACR3-AS1;2
11;113265137;113274032;-1;8895;ENSG00000227487;NCAM1-AS1;4
8;134598071;134600689;1;2618;ENSG00000248492;ZFAT-AS1;1
5;142859604;142868922;-1;9318;ENSG00000226272;ARHGAP26-AS1;3
8;124044395;124171522;-1;127127;ENSG00000253868;FER1L6-AS2;3
5;38556765;38671216;1;114451;ENSG00000244968;LIFR-AS1;14
7;38980370;39013551;-1;33181;ENSG00000233854;POU6F2-AS2;1
9;133654586;133657313;-1;2727;ENSG00000225756;DBH-AS1;1
15;71147650;71189064;-1;41414;ENSG00000259964;THSD4-AS1;8
5;135648584;135653935;-1;5351;ENSG00000251045;SLC25A48-AS1;1
4;84965534;85011277;1;45743;ENSG00000180769;WDFY3-AS2;26
1;24961345;24963097;1;1752;ENSG00000229162;RUNX3-AS1;1
3;31704058;31721652;1;17594;ENSG00000232490;OSBPL10-AS1;8
X;32754940;32756400;1;1460;ENSG00000236828;DMD-AS3;1
7;95035731;95214338;-1;178607;ENSG00000236197;PPP1R9A-AS1;5
1;2549920;2557031;-1;7111;ENSG00000238164;TNFRSF14-AS1;6
4;104490849;104734546;1;243697;ENSG00000245384;CXXC4-AS1;3
4;74955974;74970362;-1;14388;ENSG00000249717;PARM1-AS1;2
1;16197854;16198357;1;503;ENSG00000234166;ARHGEF19-AS1;1
3;9014123;9015979;1;1856;ENSG00000224808;SRGAP3-AS1;1
1;18166929;18179346;-1;12417;ENSG00000230035;IGSF21-AS1;1
4;53592956;53604047;1;11091;ENSG00000248494;LNX1-AS2;2
5;116574482;116611200;1;36718;ENSG00000249167;SEMA6A-AS2;5
1;2632568;2636620;1;4052;ENSG00000237058;MMEL1-AS1;1
1;6204840;6205780;-1;940;ENSG00000226944;RNF207-AS1;1
1;3712200;3714298;-1;2098;ENSG00000235131;TP73-AS2;1
6;2989335;2999604;-1;10269;ENSG00000224846;NQO2-AS1;5
1;9652610;9654586;-1;1976;ENSG00000179840;PIK3CD-AS1;1
11;121447331;121453013;-1;5682;ENSG00000246790;SORL1-AS1;2
3;29526251;29642809;-1;116558;ENSG00000203506;RBMS3-AS2;7
11;101129077;101209591;1;80514;ENSG00000282728;PGR-AS1;2
5;136129507;136134890;-1;5383;ENSG00000164621;SMAD5-AS1;1
8;121639293;121994185;1;354892;ENSG00000248690;HAS2-AS1;19
3;37241789;37244177;-1;2388;ENSG00000270194;GOLGA4-AS1;1
5;77086688;77166909;1;80221;ENSG00000250802;ZBED3-AS1;45
1;7441096;7441554;-1;458;ENSG00000225126;CAMTA1-AS1;1
7;93969442;94011113;1;41671;ENSG00000236861;BET1-AS1;2
17;40340867;40343136;-1;2269;ENSG00000265666;RARA-AS1;1
5;139648999;139649728;-1;729;ENSG00000250635;CXXC5-AS1;1
7;86782357;86803409;-1;21052;ENSG00000233073;GRM3-AS1;2
3;20174244;21145967;1;971723;ENSG00000231304;SGO1-AS1;6
1;14338825;14419973;-1;81148;ENSG00000234593;KAZN-AS1;7
3;62221249;62369406;-1;148157;ENSG00000241472;PTPRG-AS1;26
19;45076510;45092635;-1;16125;ENSG00000267348;GEMIN7-AS1;4
9;128108581;128118693;-1;10112;ENSG00000234771;SLC25A25-AS1;1
9;128128529;128130628;1;2099;ENSG00000232850;PTGES2-AS1;1
1;8424645;8435013;1;10368;ENSG00000232912;RERE-AS1;3
1;35358822;35366077;-1;7255;ENSG00000227409;ZMYM4-AS1;1
1;15164344;15171317;-1;6973;ENSG00000204464;TMEM51-AS2;2
2;109127327;109128930;-1;1603;ENSG00000259863;SH3RF3-AS1;1
2;100970767;100977766;-1;6999;ENSG00000230140;NPAS2-AS1;4
11;78139771;78175323;1;35552;ENSG00000246174;KCTD21-AS1;10
11;124800424;124834487;1;34063;ENSG00000245498;MSANTD2-AS1;16
2;105092368;105103036;-1;10668;ENSG00000231851;MRPS9-AS1;4
22;27919376;28008581;1;89205;ENSG00000235954;TTC28-AS1;38
9;128468957;128473012;-1;4055;ENSG00000225951;ODF2-AS1;1
X;135059685;135123952;1;64267;ENSG00000228372;SMIM10L2B-AS1;3
6;29726601;29749049;-1;22448;ENSG00000214922;HLA-F-AS1;3
1;15111815;15153618;-1;41803;ENSG00000175147;TMEM51-AS1;6
3;50341106;50345697;1;4591;ENSG00000235058;ZMYND10-AS1;1
3;50337511;50338300;1;789;ENSG00000281358;RASSF1-AS1;1
22;17159352;17165447;1;6095;ENSG00000185837;HDHD5-AS1;3
5;154325568;154445850;-1;120282;ENSG00000245275;SAP30L-AS1;7
11;119709920;119713925;1;4005;ENSG00000255247;NECTIN1-AS1;1
12;51421956;51424611;-1;2655;ENSG00000271065;SLC4A8-AS1;1
5;170639158;170681437;-1;42279;ENSG00000253591;KCNIP1-AS1;2
19;55158939;55177540;1;18601;ENSG00000267577;DNAAF3-AS1;1
16;55426797;55462297;-1;35500;ENSG00000260135;MMP2-AS1;4
2;158166650;158236169;1;69519;ENSG00000227480;CCDC148-AS1;1
2;114833830;114835588;-1;1758;ENSG00000235717;DPP10-AS2;1
14;36519278;36523016;1;3738;ENSG00000253563;NKX2-1-AS1;1
19;45641494;45642840;1;1346;ENSG00000267757;EML2-AS1;3
7;50531759;50543463;1;11704;ENSG00000226122;DDC-AS1;1
5;175972606;175987666;1;15060;ENSG00000250801;THOC3-AS1;4
7;89882353;90211635;-1;329282;ENSG00000227646;STEAP2-AS1;2
11;128526142;128530389;1;4247;ENSG00000254588;ETS1-AS1;1
12;38906451;38909592;1;3141;ENSG00000257718;CPNE8-AS1;1
X;2852740;2853760;-1;1020;ENSG00000235483;GYG2-AS1;1
X;2904904;2906081;1;1177;ENSG00000229851;ARSD-AS1;1
4;121071429;121080476;1;9047;ENSG00000250344;NDNF-AS1;1
3;64187544;64200965;1;13421;ENSG00000226017;PRICKLE2-AS3;1
22;21001886;21010342;1;8456;ENSG00000230513;THAP7-AS1;14
2;185652374;185800151;-1;147777;ENSG00000231646;FSIP2-AS1;3
2;62957326;63048640;-1;91314;ENSG00000231609;EHBP1-AS1;6
4;89836408;89841978;1;5570;ENSG00000247775;SNCA-AS1;2
3;54874605;54901255;-1;26650;ENSG00000243715;CACNA2D3-AS1;1
4;84796614;84810403;1;13789;ENSG00000251260;WDFY3-AS1;1
6;43074331;43074739;-1;408;ENSG00000272170;KLC4-AS1;1
2;173166446;173282036;-1;115590;ENSG00000238133;MAP3K20-AS1;3
2;185719874;185740479;-1;20605;ENSG00000226747;FSIP2-AS2;3
X;22162733;22172983;-1;10250;ENSG00000224204;PHEX-AS1;1
X;22191895;22235358;-1;43463;ENSG00000233067;PTCHD1-AS;1
4;138057464;138178177;1;120713;ENSG00000250033;SLC7A11-AS1;5
11;83286120;83423516;1;137396;ENSG00000255234;CCDC90B-AS1;3
X;151904431;151913968;-1;9537;ENSG00000229967;MAGEA4-AS1;3
3;64067964;64103131;1;35167;ENSG00000241111;PRICKLE2-AS1;3
17;48294335;48308762;1;14427;ENSG00000235300;SKAP1-AS2;4
9;20683304;20684688;-1;1384;ENSG00000227071;FOCAD-AS1;2
11;44719392;44736692;-1;17300;ENSG00000255032;TSPAN18-AS1;1
17;48557262;48560333;1;3071;ENSG00000239552;HOXB-AS2;1
12;130990138;130993976;-1;3838;ENSG00000256151;ADGRD1-AS1;2
5;129424782;129461076;-1;36294;ENSG00000249421;ADAMTS19-AS1;2
5;168706567;168720884;1;14317;ENSG00000254042;SLIT3-AS2;3
6;73130646;73143514;-1;12868;ENSG00000229154;KCNQ5-AS1;4
6;73263212;73301789;1;38577;ENSG00000229852;KHDC1-AS1;6
6;73369704;73387717;1;18013;ENSG00000231332;OOEP-AS1;1
9;16726814;16727524;1;710;ENSG00000234779;BNC2-AS1;1
9;212824;215893;-1;3069;ENSG00000183784;DOCK8-AS1;2
9;452492;492248;-1;39756;ENSG00000227155;DOCK8-AS2;16
17;17759154;17770821;-1;11667;ENSG00000237328;RAI1-AS1;1
17;49505657;49574064;-1;68407;ENSG00000249906;NGFR-AS1;1
11;72643237;72659407;1;16170;ENSG00000255808;PDE2A-AS1;1
1;2181794;2184389;-1;2595;ENSG00000182873;PRKCZ-AS1;2
8;18084386;18097644;1;13258;ENSG00000245281;ASAH1-AS1;8
9;121280768;121285530;-1;4762;ENSG00000235865;GSN-AS1;1
9;101468349;101482199;1;13850;ENSG00000225376;TMEM246-AS1;5
15;45235930;45279251;-1;43321;ENSG00000259520;SLC28A2-AS1;4
16;84459259;84467361;-1;8102;ENSG00000261286;ATP2C2-AS1;1
X;101043564;101094476;-1;50912;ENSG00000225839;TRMT2B-AS1;1
5;149348116;149357642;-1;9526;ENSG00000253618;GRPEL2-AS1;1
9;26955780;26956295;-1;515;ENSG00000234676;IFT74-AS1;1
2;119244422;119270714;-1;26292;ENSG00000229867;STEAP3-AS1;2
2;172677141;172736206;-1;59065;ENSG00000228016;RAPGEF4-AS1;3
17;48185938;48204529;1;18591;ENSG00000263787;SKAP1-AS1;1
4;82893009;82900960;-1;7951;ENSG00000251022;THAP9-AS1;12
11;64646399;64659681;1;13282;ENSG00000237410;NRXN2-AS1;1
16;80154979;80563354;-1;408375;ENSG00000259867;DYNLRB2-AS1;10
1;43709392;43727343;-1;17951;ENSG00000229444;ST3GAL3-AS1;1
17;48543551;48551250;1;7699;ENSG00000230148;HOXB-AS1;4
12;117099481;117142091;1;42610;ENSG00000258285;TESC-AS1;1
1;52050918;52052683;1;1765;ENSG00000228369;TXNDC12-AS1;1
4;97366681;97491899;1;125218;ENSG00000251620;STPG2-AS1;3
4;80182637;80197410;-1;14773;ENSG00000248719;PRDM8-AS1;2
16;61918321;61940697;1;22376;ENSG00000260115;CDH8-AS1;1
17;48628675;48634932;1;6257;ENSG00000242207;HOXB-AS4;2
6;138725211;138773652;-1;48441;ENSG00000279968;CCDC28A-AS1;2
6;158817979;158822252;1;4273;ENSG00000233893;EZR-AS1;1
19;45767796;45772504;1;4708;ENSG00000267395;DM1-AS;4
3;58607080;58644491;1;37411;ENSG00000244383;FAM3D-AS1;2
1;61248945;61253510;-1;4565;ENSG00000237853;NFIA-AS1;7
1;68496676;68538627;1;41951;ENSG00000234264;DEPDC1-AS1;1
19;47615699;47626395;-1;10696;ENSG00000269806;BICRA-AS1;1
14;34040097;34059300;1;19203;ENSG00000258897;EGLN3-AS1;1
4;155206529;155209027;-1;2498;ENSG00000250538;NPY2R-AS1;2
4;100190033;100215505;1;25472;ENSG00000249710;DDIT4L-AS1;1
19;47757036;47768840;-1;11804;ENSG00000269656;NOP53-AS1;1
3;64561322;64592757;1;31435;ENSG00000241158;ADAMTS9-AS1;21
12;89708959;89712590;1;3631;ENSG00000271614;ATP2B1-AS1;1
6;31542304;31543138;1;834;ENSG00000234006;DDX39B-AS1;2
14;39103140;39103812;1;672;ENSG00000258651;SEC23A-AS1;1
14;39265703;39267061;-1;1358;ENSG00000258940;MIA2-AS1;2
11;3218332;3223131;1;4799;ENSG00000236301;MRGPRG-AS1;3
5;169013227;169037998;1;24771;ENSG00000248222;SLIT3-AS1;10
7;100589402;100604206;-1;14804;ENSG00000224729;PCOLCE-AS1;3
6;31658329;31660721;1;2392;ENSG00000227198;C6orf47-AS1;1
5;94979151;94980893;1;1742;ENSG00000249545;MCTP1-AS1;1
2;158658337;158735002;-1;76665;ENSG00000204380;PKP4-AS1;3
7;111808516;111821773;1;13257;ENSG00000225572;DOCK4-AS1;1
7;82009177;82029955;1;20778;ENSG00000223770;CACNA2D1-AS1;2
12;129109629;129113294;1;3665;ENSG00000249196;TMEM132D-AS1;7
14;55262222;55272075;-1;9853;ENSG00000258413;FBXO34-AS1;3
7;127215127;127229927;1;14800;ENSG00000236340;GRM8-AS1;3
5;150670658;150672390;-1;1732;ENSG00000250309;MYOZ3-AS1;1
19;36489649;36491040;1;1391;ENSG00000267309;ZNF566-AS1;1
X;147909431;147911817;-1;2386;ENSG00000268066;FMR1-AS1;4
9;137250219;137253497;-1;3278;ENSG00000275549;STPG3-AS1;1
20;36507702;36573391;-1;65689;ENSG00000232907;DLGAP4-AS1;6
19;40443436;40444087;1;651;ENSG00000268366;SERTAD3-AS1;1
7;28180322;28243917;1;63595;ENSG00000234336;JAZF1-AS1;4
6;31764310;31765588;-1;1278;ENSG00000235663;SAPCD1-AS1;1
3;57628810;57654918;1;26108;ENSG00000239801;DENND6A-AS1;1
3;112802478;112812819;1;10341;ENSG00000242770;CD200R1L-AS1;2
5;41869927;41872241;1;2314;ENSG00000248668;OXCT1-AS1;3
1;60912675;61056885;-1;144210;ENSG00000237928;NFIA-AS2;5
20;62544165;62551526;-1;7361;ENSG00000174403;MIR1-1HG-AS1;6
20;58818918;58850903;-1;31985;ENSG00000235590;GNAS-AS1;6
6;136629066;136648198;1;19132;ENSG00000234263;MAP3K5-AS1;1
20;62352988;62356480;1;3492;ENSG00000228812;LAMA5-AS1;4
20;10006381;10368823;-1;362442;ENSG00000227906;SNAP25-AS1;25
10;77350851;77376613;1;25762;ENSG00000225652;KCNMA1-AS3;3
20;33980679;33994357;-1;13678;ENSG00000285230;RALY-AS1;8
20;1325400;1378735;1;53335;ENSG00000234684;SDCBP2-AS1;9
2;170332085;170408564;-1;76479;ENSG00000231898;MYO3B-AS1;73
20;57376881;57393062;-1;16181;ENSG00000218018;RBM38-AS1;3
1;66042500;66050718;-1;8218;ENSG00000227466;PDE4B-AS1;1
5;150475531;150485968;-1;10437;ENSG00000254333;NDST1-AS1;1
2;210030572;210064356;1;33784;ENSG00000229127;KANSL1L-AS1;2
12;129208601;129212662;1;4061;ENSG00000256699;TMEM132D-AS2;1
3;58824437;59019093;1;194656;ENSG00000242428;CFAP20DC-AS1;6
20;36147281;36155760;-1;8479;ENSG00000232406;EPB41L1-AS1;4
7;157854529;157863011;1;8482;ENSG00000233038;PTPRN2-AS1;3
20;35476203;35490985;-1;14782;ENSG00000230155;CEP250-AS1;3
7;131309469;131328312;-1;18843;ENSG00000236753;MKLN1-AS;16
9;130933851;130945520;1;11669;ENSG00000236658;FIBCD1-AS1;1
9;129175807;129261581;1;85774;ENSG00000204055;IER5L-AS1;8
16;4324667;4328340;-1;3673;ENSG00000262686;GLIS2-AS1;1
6;43588230;43591362;-1;3132;ENSG00000203362;POLH-AS1;1
5;9511333;9518086;1;6753;ENSG00000251370;SEMA5A-AS1;1
3;52823935;52825314;1;1379;ENSG00000239799;ITIH4-AS1;1
1;87620803;88685204;-1;1064401;ENSG00000237505;PKN2-AS1;13
12;53935328;53939643;-1;4315;ENSG00000249641;HOXC13-AS;1
2;202075410;202117062;-1;41652;ENSG00000222035;KIAA2012-AS1;2
17;48549630;48606414;1;56784;ENSG00000233101;HOXB-AS3;15
2;134735464;134918710;-1;183246;ENSG00000224043;CCNT2-AS1;5
6;31877808;31884204;1;6396;ENSG00000237080;EHMT2-AS1;2
12;111599498;111600256;1;758;ENSG00000258099;ATXN2-AS;1
16;30919319;30923269;-1;3950;ENSG00000260852;FBXL19-AS1;1
4;143513472;143514635;-1;1163;ENSG00000245112;SMARCA5-AS1;1
3;113403988;113433992;1;30004;ENSG00000243849;CFAP44-AS1;3
2;132915557;132931494;1;15937;ENSG00000233729;NCKAP5-AS1;1
2;143629133;143656179;-1;27046;ENSG00000231758;ARHGAP15-AS1;3
11;131622451;131663583;-1;41132;ENSG00000224795;NTM-AS1;2
4;183233628;183240634;-1;7006;ENSG00000251128;WWC2-AS1;1
11;35210343;35214985;-1;4642;ENSG00000255443;CD44-AS1;1
9;136803927;136808848;-1;4921;ENSG00000228544;CCDC183-AS1;1
10;73653980;73675450;1;21470;ENSG00000271848;SYNPO2L-AS1;4
3;126103640;126108069;1;4429;ENSG00000250218;ALDH1L1-AS1;1
1;77881348;77889539;-1;8191;ENSG00000235927;NEXN-AS1;1
19;48910930;48918891;-1;7961;ENSG00000235191;NUCB1-AS1;1
1;86571181;86696311;-1;125130;ENSG00000236915;CLCA4-AS1;2
19;34923299;34926812;-1;3513;ENSG00000270876;ZNF30-AS1;1
19;34998233;35000170;-1;1937;ENSG00000269303;GRAMD1A-AS1;1
19;35042902;35106307;-1;63405;ENSG00000227392;HPN-AS1;4
10;73796514;73801399;-1;4885;ENSG00000272589;ZSWIM8-AS1;1
7;154928460;154952188;1;23728;ENSG00000214106;PAXIP1-AS2;9
9;105554035;105558304;-1;4269;ENSG00000228317;FKTN-AS1;1
17;68944531;69042784;1;98253;ENSG00000231749;ABCA9-AS1;7
16;31201885;31203452;1;1567;ENSG00000261359;PYCARD-AS1;1
14;64513952;64540368;-1;26416;ENSG00000259116;HSPA2-AS1;2
15;73752317;73770613;1;18296;ENSG00000260469;INSYN1-AS1;3
4;176308268;176320458;-1;12190;ENSG00000248980;SPCS3-AS1;1
12;114682292;114767989;1;85697;ENSG00000257817;TBX3-AS1;7
4;183097017;183099199;-1;2182;ENSG00000251359;WWC2-AS2;1
11;35281813;35286009;1;4196;ENSG00000255004;SLC1A2-AS1;1
19;12930522;12933296;1;2774;ENSG00000266975;FARSA-AS1;1
12;52245048;52247448;-1;2400;ENSG00000257671;KRT7-AS;1
3;119226486;119290666;1;64180;ENSG00000240254;B4GALT4-AS1;2
2;86562070;86618766;1;56696;ENSG00000228363;CHMP3-AS1;4
2;167123904;167140955;-1;17051;ENSG00000254552;XIRP2-AS1;1
17;67244837;67245806;1;969;ENSG00000266473;HELZ-AS1;1
2;161096231;161160224;-1;63993;ENSG00000224467;TANK-AS1;1
2;196260024;196264204;1;4180;ENSG00000229056;HECW2-AS1;3
5;177494995;177503647;1;8652;ENSG00000248996;PDLIM7-AS1;1
3;56940040;56960854;1;20814;ENSG00000240198;ARHGEF3-AS1;2
1;57860532;57880905;1;20373;ENSG00000226759;DAB1-AS1;28
4;152337655;152338098;1;443;ENSG00000270751;FBXW7-AS1;1
1;40690380;40692066;-1;1686;ENSG00000272145;NFYC-AS1;1
2;119476428;119487346;1;10918;ENSG00000231013;SCTR-AS1;3
X;123872626;123873932;-1;1306;ENSG00000237331;XIAP-AS1;1
X;123959233;123961341;-1;2108;ENSG00000232412;STAG2-AS1;1
17;50556207;50562108;-1;5901;ENSG00000250107;CACNA1G-AS1;3
10;3141632;3167972;1;26340;ENSG00000237399;PITRM1-AS1;3
17;74747319;74748912;-1;1593;ENSG00000266036;SLC9A3R1-AS1;1
5;473236;480884;1;7648;ENSG00000225138;SLC9A3-AS1;13
1;50461469;50471150;1;9681;ENSG00000225767;FAF1-AS1;1
2;210324759;210469246;1;144487;ENSG00000234281;LANCL1-AS1;3
2;101151660;101155412;1;3752;ENSG00000272902;TBC1D8-AS1;1
10;79968213;79973213;1;5000;ENSG00000273372;SFTPD-AS1;1
10;80046860;80078912;-1;32052;ENSG00000230091;TMEM254-AS1;3
19;56314703;56365316;1;50613;ENSG00000267549;ZSCAN5A-AS1;4
3;109101456;109110342;1;8886;ENSG00000239314;MORC1-AS1;1
17;50866679;50910774;1;44095;ENSG00000229980;TOB1-AS1;5
7;107066591;107133733;-1;67142;ENSG00000243193;PRKAR2B-AS1;6
2;187003220;187556288;1;553068;ENSG00000224063;CALCRL-AS1;3
15;79922771;79926993;1;4222;ENSG00000259642;ST20-AS1;2
3;65893816;65925297;1;31481;ENSG00000240175;MAGI1-AS1;1
3;119314293;119322760;-1;8467;ENSG00000241155;ARHGAP31-AS1;1
12;9065163;9068689;1;3526;ENSG00000245105;A2M-AS1;4
4;181820019;181829973;-1;9954;ENSG00000251336;TEMN3-AS1;1
4;158170752;158202877;1;32125;ENSG00000248429;GASK1B-AS1;5
4;186286094;186500997;-1;214903;ENSG00000251165;F11-AS1;5
16;30183505;30184957;-1;1452;ENSG00000261416;CORO1A-AS1;3
17;66398069;66416854;-1;18785;ENSG00000264630;PRKCA-AS1;3
4;95549129;95552457;1;3328;ENSG00000271474;UNC5C-AS1;1
3;126083659;126095349;1;11690;ENSG00000250012;SLC41A3-AS1;4
15;69396904;69415029;-1;18125;ENSG00000259426;KIF23-AS1;6
11;2840135;2861568;-1;21433;ENSG00000229414;KCNQ1-AS1;1
4;88709298;88730103;1;20805;ENSG00000248019;FAM13A-AS1;6
6;13486294;13486852;1;558;ENSG00000237786;GFOD1-AS1;1
19;37548914;37587348;1;38434;ENSG00000267470;ZNF571-AS1;13
6;157885114;157892786;-1;7672;ENSG00000236324;SNX9-AS1;1
3;133245603;133257207;-1;11604;ENSG00000251011;TMEM108-AS1;2
7;141704003;141738346;-1;34343;ENSG00000228775;WEE2-AS1;16
1;107964443;107994607;1;30164;ENSG00000230489;VAV3-AS1;1
1;95061596;95067545;1;5949;ENSG00000230427;ALG14-AS1;1
1;50174306;50175868;-1;1562;ENSG00000237337;ELAVL4-AS1;1
2;162768936;162797972;1;29036;ENSG00000237750;KCNH7-AS1;1
11;9758268;9811335;1;53067;ENSG00000246273;SBF2-AS1;10
3;73621713;73626796;1;5083;ENSG00000239677;PDZRN3-AS1;4
9;116285829;116288769;-1;2940;ENSG00000226604;PAPPA-AS2;1
9;116398157;116400606;-1;2449;ENSG00000256040;PAPPA-AS1;1
9;116504283;116562293;1;58010;ENSG00000229105;ASTN2-AS1;1
2;191229165;191246172;-1;17007;ENSG00000227542;MYO1B-AS1;1
6;36146698;36197205;-1;50507;ENSG00000246982;BRPF3-AS1;3
19;51685363;51693456;-1;8093;ENSG00000269959;SPACA6-AS1;1
3;63423596;63550051;-1;126455;ENSG00000241359;SYNPR-AS1;1
3;141918252;141919021;-1;769;ENSG00000244124;ATP1B3-AS1;1
14;61707564;61751099;-1;43535;ENSG00000258667;HIF1A-AS3;2
15;101334437;101337428;1;2991;ENSG00000259764;PCSK6-AS1;1
3;118943073;118948241;1;5168;ENSG00000239877;IGSF11-AS1;2
19;18144522;18151691;-1;7169;ENSG00000269145;MAST3-AS1;1
3;116360024;116370090;1;10066;ENSG00000240922;LSAMP-AS1;1
3;113588748;113590189;-1;1441;ENSG00000239453;SIDT1-AS1;1
3;136959125;136982196;-1;23071;ENSG00000249407;IL20RB-AS1;1
12;57726271;57728356;1;2085;ENSG00000255737;AGAP2-AS1;1
3;149976755;149979355;1;2600;ENSG00000242791;PFN2-AS1;2
3;140505611;140508789;-1;3178;ENSG00000250433;CLSTN2-AS1;1
6;36386831;36393462;1;6631;ENSG00000224666;ETV7-AS1;2
1;51518309;51561629;1;43320;ENSG00000227070;EPS15-AS1;2
7;149867697;149880610;-1;12913;ENSG00000204934;ATP6V0E2-AS1;3
14;93904730;93927066;-1;22336;ENSG00000258584;FAM181A-AS1;4
3;156441157;156446905;-1;5748;ENSG00000242370;KCNAB1-AS1;1
3;143342246;143347071;1;4825;ENSG00000240012;SLC9A9-AS1;1
6;32844078;32846500;1;2422;ENSG00000204261;PSMB8-AS1;7
1;97095923;97322955;1;227032;ENSG00000232878;DPYD-AS1;3
1;113924000;113929495;-1;5495;ENSG00000235527;HIPK1-AS1;6
10;89456064;89468140;1;12076;ENSG00000234452;SLC16A12-AS1;2
12;122395542;122400857;1;5315;ENSG00000257097;CLIP1-AS1;2
19;49838639;49851676;-1;13037;ENSG00000268006;PTOV1-AS1;2
3;111676736;111677433;-1;697;ENSG00000240766;PLCXD2-AS1;1
3;150852484;151080726;1;228242;ENSG00000239265;CLRN1-AS1;2
10;1022630;1045425;1;22795;ENSG00000232656;IDI2-AS1;6
6;135195083;135195995;-1;912;ENSG00000236703;MYB-AS1;1
X;18688643;18691604;-1;2961;ENSG00000237221;PPEF1-AS1;1
X;18890296;18894974;1;4678;ENSG00000237836;PHKA2-AS1;3
19;49856970;49859289;-1;2319;ENSG00000269352;PTOV1-AS2;3
15;41283990;41309737;1;25747;ENSG00000247556;OIP5-AS1;10
11;66264777;66265666;-1;889;ENSG00000254855;KLC2-AS1;1
11;66267635;66268129;-1;494;ENSG00000254762;KLC2-AS2;1
10;71508153;71511873;-1;3720;ENSG00000223817;CDH23-AS1;1
9;33676785;33688011;1;11226;ENSG00000281128;PTENP1-AS;3
9;33775183;33818795;-1;43612;ENSG00000235481;UBE2R2-AS1;3
16;81016792;81035759;-1;18967;ENSG00000260213;CENPN-AS1;4
7;155067034;155072450;-1;5416;ENSG00000220575;HTR5A-AS1;4
8;106520474;106657548;-1;137074;ENSG00000253582;OXR1-AS1;1
11;61746493;61757655;-1;11162;ENSG00000124915;MYRF-AS1;3
8;28690215;28702030;-1;11815;ENSG00000246339;EXTL3-AS1;7
10;79661394;79826594;-1;165200;ENSG00000225484;NUTM2B-AS1;22
1;117025482;117059490;-1;34008;ENSG00000236137;CD101-AS1;2
8;28798142;28802085;1;3943;ENSG00000254034;INTS9-AS1;2
14;76781733;76786724;-1;4991;ENSG00000258301;VASH1-AS1;2
7;40538127;40546928;-1;8801;ENSG00000203446;SUGCT-AS1;1
2;133264968;133285445;1;20477;ENSG00000226953;NCKAP5-AS2;4
3;159902045;160225299;-1;323254;ENSG00000244040;IL12A-AS1;14
10;104664608;104666200;-1;1592;ENSG00000226387;SORCS3-AS1;1
8;105546089;106060524;-1;514435;ENSG00000251003;ZFPM2-AS1;9
3;143381338;143382161;1;823;ENSG00000244493;SLC9A9-AS2;1
5;60917490;60919573;1;2083;ENSG00000233847;ERCC8-AS1;1
3;171815586;171900749;-1;85163;ENSG00000234717;TMEM212-AS1;1
6;30105240;30114724;1;9484;ENSG00000231226;TRIM31-AS1;1
5;122154496;122156015;-1;1519;ENSG00000249610;ZNF474-AS1;1
8;143417679;143419150;1;1471;ENSG00000254338;MAFA-AS1;1
2;236391074;236392388;1;1314;ENSG00000232893;IQCA1-AS1;1
2;168771951;168786961;-1;15010;ENSG00000227617;CERS6-AS1;12
X;101622983;101624164;-1;1181;ENSG00000228275;ARMCX3-AS1;1
1;112956415;113047055;1;90640;ENSG00000226419;SLC16A1-AS1;13
7;100436204;100438504;1;2300;ENSG00000240211;PPP1R35-AS1;1
15;100372936;100437914;1;64978;ENSG00000259430;CERS3-AS1;3
X;10024842;10038654;-1;13812;ENSG00000225076;WWC3-AS1;1
9;35096378;35098141;1;1763;ENSG00000234181;PIGO-AS1;1
1;97796921;97798066;1;1145;ENSG00000235777;DPYD-AS2;2
12;630858;664196;1;33338;ENSG00000177406;NINJ2-AS1;7
9;34568012;34583072;1;15060;ENSG00000237159;CNTFR-AS1;11
3;169447867;169477052;1;29185;ENSG00000241479;MECOM-AS1;1
16;56192614;56194518;-1;1904;ENSG00000261439;GNAO1-AS1;1
2;114828432;114833548;-1;5116;ENSG00000231538;DPP10-AS3;1
2;241544403;241558977;-1;14574;ENSG00000234235;BOK-AS1;1
6;30703067;30713184;1;10117;ENSG00000224328;MDC1-AS1;1
7;92134604;92180725;1;46121;ENSG00000188693;CYP51A1-AS1;2
10;28522652;28533066;-1;10414;ENSG00000254635;WAC-AS1;3
11;3029009;3041260;1;12251;ENSG00000247473;CARS1-AS1;2
10;133083073;133088491;-1;5418;ENSG00000256925;ADGRA1-AS1;5
12;109734166;109773508;-1;39342;ENSG00000255650;FAM222A-AS1;3
2;241015599;241064116;-1;48517;ENSG00000225521;SNED1-AS1;1
X;20139968;20140444;1;476;ENSG00000225037;EIF1AX-AS1;1
3;175773145;175776333;-1;3188;ENSG00000225552;NAALADL2-AS1;1
11;69012283;69018447;1;6164;ENSG00000256508;MRGPRF-AS1;3
15;82647770;82692820;1;45050;ENSG00000259462;CPEB1-AS1;3
X;132667642;132669888;1;2246;ENSG00000235849;HS6ST2-AS1;1
7;112328189;112409623;-1;81434;ENSG00000226851;ZNF277-AS1;2
3;175079307;175115242;-1;35935;ENSG00000230292;NAALADL2-AS3;2
1;152168125;152445456;1;277331;ENSG00000237975;FLG-AS1;18
8;145002811;145006046;1;3235;ENSG00000255559;ZNF252P-AS1;1
X;103845151;103919548;-1;74397;ENSG00000231728;TMSB15B-AS1;8
X;120036236;120146855;1;110619;ENSG00000258545;RHOXF1-AS1;5
1;113856635;113901237;1;44602;ENSG00000226167;AP4B1-AS1;1
8;11345748;11347502;-1;1754;ENSG00000255020;TDH-AS1;1
8;11368402;11438658;1;70256;ENSG00000184608;FAM167A-AS1;4
1;121360156;121398806;-1;38650;ENSG00000230806;SRGAP2-AS1;2
X;70163842;70165206;-1;1364;ENSG00000203588;IGBP1-AS1;1
1;110165948;110172489;-1;6541;ENSG00000227091;SLC6A17-AS1;3
7;35695214;35699413;1;4199;ENSG00000271122;HERPUD2-AS1;1
10;101818800;101828885;1;10085;ENSG00000226009;KCNIP2-AS1;1
X;70452958;70455994;-1;3036;ENSG00000231651;DLG3-AS1;2
7;78939850;78940895;1;1045;ENSG00000251276;MAGI2-AS1;1
7;79008988;79012277;1;3289;ENSG00000226978;MAGI2-AS2;1
6;46903471;46909078;1;5607;ENSG00000225730;ADGRF5-AS1;1
6;31934474;31941724;-1;7250;ENSG00000281756;C2-AS1;1
15;72376113;72378788;1;2675;ENSG00000260339;HEXA-AS1;1
2;107823063;107826891;-1;3828;ENSG00000230651;RGPD4-AS1;6
15;86295649;86317173;-1;21524;ENSG00000260125;AGBL1-AS1;3
10;86965345;86971311;-1;5966;ENSG00000272734;ADIRF-AS1;4
6;31999976;32003521;-1;3545;ENSG00000233627;C4A-AS1;1
X;111706649;111711101;-1;4452;ENSG00000229487;ALG13-AS1;1
19;1952531;1954586;-1;2055;ENSG00000180846;CSNK1G2-AS1;2
6;32032713;32036258;-1;3545;ENSG00000229776;C4B-AS1;1
7;116952446;116954334;-1;1888;ENSG00000227199;ST7-AS1;1
7;117072072;117146480;-1;74408;ENSG00000226367;ST7-AS2;7
3;151751443;151928175;-1;176732;ENSG00000242908;AADACL2-AS1;2
3;170448639;170860993;1;412354;ENSG00000285051;SLC7A14-AS1;5
7;140695336;140697077;-1;1741;ENSG00000240889;NDUFB2-AS1;1
X;119465986;119469128;-1;3142;ENSG00000224281;SLC25A5-AS1;7
3;177037405;177047923;1;10518;ENSG00000231310;TBL1XR1-AS1;2
3;132721750;132874223;1;152473;ENSG00000248724;NPHP3-AS1;2
16;70755035;70773251;1;18216;ENSG00000214353;VAC14-AS1;4
3;175234861;175271096;-1;36235;ENSG00000226779;NAALADL2-AS2;1
3;178526505;178937352;-1;410847;ENSG00000237978;KCNMB2-AS1;6
10;89645272;89652144;1;6872;ENSG00000232936;PANK1-AS1;3
1;165215951;165219104;1;3153;ENSG00000238022;LMX1A-AS1;3
6;73523618;73570596;1;46978;ENSG00000229862;EEF1A1-AS1;2
12;76030494;76031378;1;884;ENSG00000257453;PHLDA1-AS1;1
3;147386967;147387453;1;486;ENSG00000241202;ZIC4-AS1;1
15;72782835;72798199;1;15364;ENSG00000260898;ADPGK-AS1;3
1;166081183;166087483;1;6300;ENSG00000203307;FAM78B-AS1;1
4;86117912;86219926;1;102014;ENSG00000250062;MAPK10-AS1;2
16;2464950;2468213;-1;3263;ENSG00000259895;TEDC2-AS1;1
11;557595;560107;1;2512;ENSG00000254815;LMNTD2-AS1;4
6;56843928;56864078;1;20150;ENSG00000231441;DST-AS1;2
3;183016255;183017808;1;1553;ENSG00000243368;MCCC1-AS1;1
3;180680084;180700449;1;20365;ENSG00000243187;CCDC39-AS1;1
8;116874424;116876868;1;2444;ENSG00000253327;RAD21-AS1;1
7;147080934;147097609;-1;16675;ENSG00000236795;CNTNAP2-AS1;1
7;55179750;55188934;-1;9184;ENSG00000224057;EGFR-AS1;1
3;142960650;143001559;1;40909;ENSG00000241570;PAQR9-AS1;15
1;183138402;183141282;-1;2880;ENSG00000224468;LAMC1-AS1;1
7;16210484;16270604;1;60120;ENSG00000229688;CRPPA-AS1;7
3;193553213;193555088;1;1875;ENSG00000225473;ATP13A4-AS1;2
3;186851886;186856123;-1;4237;ENSG00000226482;ADIPOQ-AS1;1
3;183806457;183810783;-1;4326;ENSG00000233885;YEATS2-AS1;4
3;193618609;193627337;-1;8728;ENSG00000224855;OPA1-AS1;2
8;23189279;23190675;1;1396;ENSG00000253930;TNFRSF10A-AS1;1
8;144437675;144439971;1;2296;ENSG00000232600;TONSL-AS1;1
6;166903698;166904835;1;1137;ENSG00000231654;RPS6KA2-AS1;1
3;149656999;149661364;1;4365;ENSG00000241313;WWTR1-AS1;4
6;167992822;167997110;-1;4288;ENSG00000229921;KIF25-AS1;3
2;191021526;191032314;1;10788;ENSG00000231858;STAT4-AS1;2
3;64103470;64106056;1;2586;ENSG00000241101;PRICKLE2-AS2;1
3;189238686;189240594;-1;1908;ENSG00000230115;TPRG1-AS2;1
2;46568256;46580238;-1;11982;ENSG00000250116;RHOQ-AS1;1
1;211829636;211853703;1;24067;ENSG00000229258;LPGAT1-AS1;5
1;200669507;200694250;1;24743;ENSG00000260088;DDX59-AS1;1
15;48312353;48331856;-1;19503;ENSG00000259488;DUT-AS1;3
4;55363971;55395847;-1;31876;ENSG00000249700;SRD5A3-AS1;28
2;130830978;130836994;-1;6016;ENSG00000233221;ARHGEF4-AS1;3
11;67431367;67435399;-1;4032;ENSG00000255949;RPS6KB2-AS1;1
6;152380546;152381564;1;1018;ENSG00000234577;SYNE1-AS1;1
16;89711856;89718165;1;6309;ENSG00000261373;VPS9D1-AS1;2
4;65669961;65698029;1;28068;ENSG00000250846;EPHA5-AS1;3
11;8060038;8069373;1;9335;ENSG00000248332;TUB-AS1;2
4;168647896;168648587;-1;691;ENSG00000249623;PALLD-AS1;1
3;196318330;196325570;1;7240;ENSG00000235897;TM4SF19-AS1;3
2;74385474;74393882;1;8408;ENSG00000237737;DCTN1-AS1;8
11;126543947;126610948;1;67001;ENSG00000257271;KIRREL3-AS1;1
4;105171354;105178063;-1;6709;ENSG00000251586;TET2-AS1;1
4;122618983;122689156;1;70173;ENSG00000227145;IL21-AS1;4
5;73446357;73446984;1;627;ENSG00000247993;FOXD1-AS1;1
7;150363777;150372590;-1;8813;ENSG00000240449;REPIN1-AS1;1
3;150761937;150873554;1;111617;ENSG00000244265;SIAH2-AS1;2
3;156215560;156227883;-1;12323;ENSG00000240596;KCNAB1-AS2;1
15;90074512;90082207;-1;7695;ENSG00000259291;ZNF710-AS1;2
7;29988600;30027543;1;38943;ENSG00000227014;FKBP14-AS1;2
3;149377778;149386583;1;8805;ENSG00000240541;TM4SF1-AS1;3
4;62071752;62165554;-1;93802;ENSG00000248692;ADGRL3-AS1;4
10;649948;669581;1;19633;ENSG00000180525;DIP2C-AS1;6
11;88504576;88524054;1;19478;ENSG00000255082;GRM5-AS1;2
19;14137146;14171267;1;34121;ENSG00000267169;ADGRL1-AS1;3
5;151753992;151767247;1;13255;ENSG00000253921;ATOX1-AS1;1
11;1571353;1599184;1;27831;ENSG00000233930;KRTAP5-AS1;5
1;164769116;164774641;-1;5525;ENSG00000233693;PBX1-AS1;1
6;33437363;33454453;-1;17090;ENSG00000274259;SYNGAP1-AS1;2
6;149863494;149919507;1;56013;ENSG00000268592;RAET1E-AS1;3
3;191213291;191234605;-1;21314;ENSG00000233308;OSTN-AS1;2
7;128455937;128469197;1;13260;ENSG00000240758;HILPDA-AS1;1
19;490046;507833;-1;17787;ENSG00000266933;MADCAM1-AS1;1
3;185712528;185729787;1;17259;ENSG00000163915;IGF2BP2-AS1;5
1;219409039;219459369;-1;50330;ENSG00000228536;LYPLAL1-AS1;8
17;78484882;78503056;1;18174;ENSG00000267432;DNAH17-AS1;4
11;74311362;74324705;1;13343;ENSG00000246211;P4HA3-AS1;1
12;65851340;65882167;-1;30827;ENSG00000197301;HMGA2-AS1;4
9;3898642;3901248;1;2606;ENSG00000237009;GLIS3-AS1;1
9;4299390;4306046;1;6656;ENSG00000228322;GLIS3-AS2;1
2;238152889;238155994;-1;3105;ENSG00000279484;KLHL30-AS1;2
5;36221055;36221902;1;847;ENSG00000245711;NADK2-AS1;1
1;217781198;217785120;-1;3922;ENSG00000234070;SPATA17-AS1;1
1;216072465;216086917;1;14452;ENSG00000233620;USH2A-AS2;4
3;196431385;196432530;1;1145;ENSG00000225822;UBXN7-AS1;1
3;188562238;188568666;-1;6428;ENSG00000224563;LPP-AS1;1
1;216194051;216204366;1;10315;ENSG00000236292;USH2A-AS1;1
15;66278498;66293357;-1;14859;ENSG00000261318;DIS3L-AS1;1
3;193307244;193314362;1;7118;ENSG00000236508;ATP13A5-AS1;1
3;188941715;188947639;-1;5924;ENSG00000234076;TPRG1-AS1;1
16;90028908;90029901;-1;993;ENSG00000221819;GAS8-AS1;2
1;165210627;165213090;1;2463;ENSG00000224702;LMX1A-AS2;1
16;50046429;50066224;-1;19795;ENSG00000259843;HEATR3-AS1;1
3;155449184;155457753;1;8569;ENSG00000239508;PLCH1-AS1;1
3;155485803;155487121;1;1318;ENSG00000242925;PLCH1-AS2;1
10;43628817;43674703;1;45886;ENSG00000223910;ZNF32-AS3;1
1;205233821;205236867;-1;3046;ENSG00000225063;TMCC2-AS1;1
10;43643872;43645047;1;1175;ENSG00000226245;ZNF32-AS1;1
10;43645942;43648019;1;2077;ENSG00000230565;ZNF32-AS2;1
3;186079170;186080947;1;1777;ENSG00000234197;ETV5-AS1;1
3;188151206;188154057;-1;2851;ENSG00000270959;LPP-AS2;1
3;57597531;57600927;1;3396;ENSG00000272146;ARF4-AS1;4
3;195094588;195096057;1;1469;ENSG00000233303;XXYLT1-AS1;1
3;195147871;195152790;1;4919;ENSG00000230266;XXYLT1-AS2;2
3;183548735;183552326;1;3591;ENSG00000242522;KLHL6-AS1;1
10;103479603;103517393;-1;37790;ENSG00000235470;NEURL1-AS1;2
10;103745966;103755423;1;9457;ENSG00000280693;SH3PXD2A-AS1;2
19;42132555;42137099;1;4544;ENSG00000254887;POU2F2-AS1;2
7;103445207;103514007;1;68800;ENSG00000234715;SLC26A5-AS1;2
7;74059576;74062284;-1;2708;ENSG00000232415;ELN-AS1;1
15;32656084;32673065;-1;16981;ENSG00000241818;SCG5-AS1;2
15;32717270;32719007;-1;1737;ENSG00000259721;GREM1-AS1;2
14;34874343;34876459;1;2116;ENSG00000258738;BAZ1A-AS1;1
15;48187121;48191691;-1;4570;ENSG00000259235;CTXN2-AS1;3
3;149086332;149102823;1;16491;ENSG00000239718;HLTF-AS1;1
3;128463594;128472317;1;8723;ENSG00000242049;DNAJB8-AS1;1
3;128489212;128502970;1;13758;ENSG00000244300;GATA2-AS1;4
5;132184876;132192808;1;7932;ENSG00000237714;P4HA2-AS1;1
3;101676475;101679217;1;2742;ENSG00000256628;ZBTB11-AS1;1
4;3049094;3074538;-1;25444;ENSG00000251075;HTT-AS;4
14;69183017;69214092;-1;31075;ENSG00000258957;GALNT16-AS1;4
3;48847572;48851981;1;4409;ENSG00000224424;PRKAR2A-AS1;7
7;18892096;18899433;-1;7337;ENSG00000226522;HDAC9-AS1;1
7;2944035;2947091;1;3056;ENSG00000237286;CARD11-AS1;1
9;8858127;8864772;1;6645;ENSG00000225706;PTPRD-AS1;4
5;147180204;147234859;-1;54655;ENSG00000250343;STK32A-AS1;1
19;38596346;38601694;1;5348;ENSG00000267291;MAP4K1-AS1;1
1;213817751;213988508;-1;170757;ENSG00000230461;PROX1-AS1;49
11;65789051;65790868;-1;1817;ENSG00000255120;OVOL1-AS1;3
4;26859806;26860632;-1;826;ENSG00000240005;STIM2-AS1;5
3;63860645;63861819;1;1174;ENSG00000240549;THOC7-AS1;1
3;64004022;64012148;1;8126;ENSG00000239653;PSMD6-AS2;1
3;64011964;64016246;1;4282;ENSG00000243410;PSMD6-AS1;1
3;114351771;114388978;1;37207;ENSG00000241560;ZBTB20-AS1;11
3;114445521;114529452;1;83931;ENSG00000242290;ZBTB20-AS5;3
3;114684580;114687609;1;3029;ENSG00000241295;ZBTB20-AS2;1
3;114873114;114876514;1;3400;ENSG00000239946;ZBTB20-AS3;1
3;115100423;115103061;1;2638;ENSG00000242767;ZBTB20-AS4;1
3;155158370;155183285;-1;24915;ENSG00000240666;MME-AS1;1
5;179595904;179603741;-1;7837;ENSG00000244945;RUFY1-AS1;1
7;41693884;41779388;1;85504;ENSG00000224116;INHBA-AS1;7
4;25160641;25201440;1;40799;ENSG00000281501;SEPSECS-AS1;2
1;205373252;205387440;1;14188;ENSG00000226235;LEMD1-AS1;1
2;230984368;230996032;-1;11664;ENSG00000238062;SPATA3-AS1;10
8;56445807;56556513;1;110706;ENSG00000254254;PENK-AS1;5
8;69834087;69854971;1;20884;ENSG00000246528;SLCO5A1-AS1;4
14;61680723;61695892;-1;15169;ENSG00000258777;HIF1A-AS1;1
7;123584859;123624957;-1;40098;ENSG00000230442;ASB15-AS1;5
8;123193651;123202743;-1;9092;ENSG00000204949;FAM83A-AS1;6
14;75423683;75427741;-1;4058;ENSG00000259319;JDP2-AS1;2
14;23938219;24052555;-1;114336;ENSG00000215256;DHRS4-AS1;18
8;76491200;76683504;-1;192304;ENSG00000253661;ZFHX4-AS1;11
8;91059318;91070583;-1;11265;ENSG00000253738;OTUD6B-AS1;4
8;103132963;103141520;-1;8557;ENSG00000236939;BAALC-AS2;2
8;95204456;95811254;1;606798;ENSG00000253773;CFAP418-AS1;9
2;165933857;165949891;1;16034;ENSG00000224490;TTC21B-AS1;3
2;218944629;218961903;-1;17274;ENSG00000235024;CDK5R2-AS1;1
4;145497073;145502971;-1;5898;ENSG00000250582;SMAD1-AS2;1
4;145514615;145517118;-1;2503;ENSG00000250902;SMAD1-AS1;1
14;75574888;75579652;-1;4764;ENSG00000224721;FLVCR2-AS1;3
14;58265365;58298134;-1;32769;ENSG00000257621;PSMA3-AS1;16
8;6617310;6708224;-1;90914;ENSG00000249898;MCPH1-AS1;13
8;1761054;1764508;-1;3454;ENSG00000253982;CLN8-AS1;6
17;72067099;72237203;-1;170104;ENSG00000234899;SOX9-AS1;33
11;3854318;3855509;-1;1191;ENSG00000228661;STIM1-AS1;1
10;132181225;132185962;-1;4737;ENSG00000235010;JAKMIP3-AS1;2
8;41509593;41578421;-1;68828;ENSG00000253133;GPAT4-AS1;1
11;4137116;4138257;-1;1141;ENSG00000255276;RRM1-AS1;1
5;132410636;132488702;1;78066;ENSG00000197536;IRF1-AS1;7
4;112973272;113071962;-1;98690;ENSG00000248152;ANK2-AS1;3
11;70626441;70635658;1;9217;ENSG00000226627;SHANK2-AS1;2
11;70646165;70647562;1;1397;ENSG00000236262;SHANK2-AS2;1
6;32659880;32660729;1;849;ENSG00000223534;HLA-DQB1-AS1;1
11;70862790;70865115;1;2325;ENSG00000171671;SHANK2-AS3;1
4;7754077;7778928;1;24851;ENSG00000272620;AFAP1-AS1;2
12;123081384;123084744;1;3360;ENSG00000251497;PITPNM2-AS1;2
14;37171888;37173811;1;1923;ENSG00000258708;SLC25A21-AS1;1
14;55496786;55580888;-1;84102;ENSG00000186615;KTN1-AS1;7
7;128850162;128862626;-1;12464;ENSG00000242902;FLNC-AS1;1
17;17076038;17077752;-1;1714;ENSG00000225442;MPRIP-AS1;1
11;73307235;73309361;-1;2126;ENSG00000257038;ARHGEF17-AS1;1
3;123689644;123692407;1;2763;ENSG00000250174;MYLK-AS2;2
11;83643602;83725390;1;81788;ENSG00000255311;DLG2-AS2;4
14;95157645;95181475;1;23830;ENSG00000235706;DICER1-AS1;9
1;17406760;17407382;1;622;ENSG00000227751;RCC2-AS1;1
1;163161675;163213023;1;51348;ENSG00000232892;RGS5-AS1;1
2;144517978;144521477;1;3499;ENSG00000238057;ZEB2-AS1;17
15;90620007;90717141;-1;97134;ENSG00000259736;CRTC3-AS1;2
1;246108626;246113866;1;5240;ENSG00000226876;SMYD3-AS1;2
11;6621451;6622322;1;871;ENSG00000255390;DCHS1-AS1;1
1;201995696;202010463;-1;14767;ENSG00000234678;ELF3-AS1;2
5;160195744;160204826;-1;9082;ENSG00000247699;FABP6-AS1;2
4;75980790;76005942;1;25152;ENSG00000245928;SDAD1-AS1;1
11;76782581;76783062;-1;481;ENSG00000255100;TSKU-AS1;3
10;8050450;8053484;-1;3034;ENSG00000197308;GATA3-AS1;5
1;234268583;234272500;-1;3917;ENSG00000236244;SLC35F3-AS1;1
19;3607247;3613930;1;6683;ENSG00000226800;CACTIN-AS1;1
11;96447132;96506826;-1;59694;ENSG00000255679;JRKL-AS1;1
2;27335520;27342599;1;7079;ENSG00000234945;GTF3C2-AS1;15
2;27356246;27367622;1;11376;ENSG00000234072;GTF3C2-AS2;3
1;235839483;235840182;1;699;ENSG00000229463;LYST-AS1;1
8;141124717;141130070;-1;5353;ENSG00000253210;DENND3-AS1;7
1;174934947;174954261;-1;19314;ENSG00000229531;RABGAP1L-AS1;2
8;1971153;1974768;-1;3615;ENSG00000253764;KBTBD11-AS1;5
1;210231456;210234047;-1;2591;ENSG00000203706;SERTAD4-AS1;3
2;121530422;121532705;1;2283;ENSG00000265451;CLASP1-AS1;1
7;22725395;22727620;-1;2225;ENSG00000179428;IL6-AS1;1
15;100892343;100919391;-1;27048;ENSG00000259583;ALDH1A3-AS1;6
10;88932390;88940820;1;8430;ENSG00000180139;ACTA2-AS1;4
15;79123939;79283964;-1;160025;ENSG00000259234;ANKRD34C-AS1;20
15;81324338;81518200;1;193862;ENSG00000259343;TMC3-AS1;18
15;72407778;72475168;-1;67390;ENSG00000261423;TMEM202-AS1;3
15;96110040;96327361;-1;217321;ENSG00000247809;NR2F2-AS1;21
10;11071541;11105773;-1;34232;ENSG00000237986;CELF2-AS2;15
10;11316833;11319884;-1;3051;ENSG00000181800;CELF2-AS1;1
15;50354950;50372202;1;17252;ENSG00000244879;GABPB1-AS1;17
15;40835808;40844409;-1;8601;ENSG00000261183;SPINT1-AS1;5
15;73908071;73928248;-1;20177;ENSG00000261801;LOXL1-AS1;15
3;46557398;46559694;1;2296;ENSG00000268324;LRRC2-AS1;2
10;73247360;73276984;1;29624;ENSG00000236756;DNAJC9-AS1;2
1;186423481;186521147;1;97666;ENSG00000229739;PDC-AS1;8
1;165768929;165775176;1;6247;ENSG00000224358;TMCO1-AS1;1
16;66469796;66481230;-1;11434;ENSG00000261656;BEAN1-AS1;10
1;20642657;20652193;-1;9536;ENSG00000117242;PINK1-AS;1
1;70013982;70031222;-1;17240;ENSG00000237919;LRRC7-AS1;2
1;70359562;70360437;-1;875;ENSG00000226088;HHLA3-AS1;1
15;88252730;88271066;1;18336;ENSG00000260305;NTRK3-AS1;1
3;38451027;38454820;-1;3793;ENSG00000229589;ACVR2B-AS1;1
16;2737076;2752600;-1;15524;ENSG00000205913;SRRM2-AS1;6
19;7390522;7395039;-1;4517;ENSG00000267852;ARHGEF18-AS1;1
15;41921417;41929286;1;7869;ENSG00000259883;EHD4-AS1;1
15;41972763;41999094;1;26331;ENSG00000246740;PLA2G4E-AS1;1
5;141558311;141565263;1;6952;ENSG00000246422;DIAPH1-AS1;1
7;1738630;1742291;-1;3661;ENSG00000236081;ELFN1-AS1;2
19;54119511;54125343;-1;5832;ENSG00000237017;PRPF31-AS1;1
5;441498;443160;-1;1662;ENSG00000221990;EXOC3-AS1;1
3;194632923;194645401;1;12478;ENSG00000229334;TMEM44-AS2;1
15;63046034;63049387;-1;3353;ENSG00000259498;TPM1-AS;2
3;55487699;55488308;1;609;ENSG00000244586;WNT5A-AS1;1
10;35314552;35336401;-1;21849;ENSG00000271335;CCNY-AS1;3
3;185162871;185191955;1;29084;ENSG00000223358;EHHADH-AS1;2
7;143255264;143287997;-1;32733;ENSG00000231840;TMEM139-AS1;2
17;10729777;10815164;1;85387;ENSG00000263400;TMEM220-AS1;8
1;231184098;231187627;-1;3529;ENSG00000235710;TRIM67-AS1;1
7;143363899;143364229;1;330;ENSG00000272619;FAM131B-AS1;1
5;181195496;181203103;1;7607;ENSG00000250900;TRIM7-AS1;6
10;80529592;80536026;-1;6434;ENSG00000226659;TSPAN14-AS1;1
10;75243568;75373500;1;129932;ENSG00000226051;ZNF503-AS1;25
7;137953348;137957966;1;4618;ENSG00000237243;CREB3L2-AS1;1
10;117238762;117241998;-1;3236;ENSG00000225936;SLC18A2-AS1;2
10;44793119;44959724;-1;166605;ENSG00000224812;TMEM72-AS1;27
10;71217220;71218294;-1;1074;ENSG00000237512;UNC5B-AS1;2
10;73495525;73520070;1;24545;ENSG00000221817;PPP3CB-AS1;18
1;239703381;239770130;-1;66749;ENSG00000233355;CHRM3-AS2;10
10;17214239;17230018;-1;15779;ENSG00000229124;VIM-AS1;4
1;239898016;239899872;-1;1856;ENSG00000234601;CHRM3-AS1;1
17;12671862;12706135;-1;34273;ENSG00000227274;MYOCD-AS1;1
17;12760140;12790242;-1;30102;ENSG00000265489;ARHGAP44-AS1;1
10;78943328;79067895;-1;124567;ENSG00000224596;ZMIZ1-AS1;4
10;110869741;110872253;-1;2512;ENSG00000203497;PDCD4-AS1;1
10;87189773;87342612;-1;152839;ENSG00000223482;NUTM2A-AS1;50
10;49296112;49299018;-1;2906;ENSG00000236208;C10orf71-AS1;2
10;1526637;1556988;1;30351;ENSG00000205696;ADARB2-AS1;3
10;95732976;96090250;-1;357274;ENSG00000226688;ENTPD1-AS1;45
10;6580419;6616921;1;36502;ENSG00000237943;PRKCQ-AS1;26
10;31206278;31320447;-1;114169;ENSG00000237036;ZEB1-AS1;17
10;32347397;32374488;1;27091;ENSG00000229327;EPC1-AS1;1
1;155978799;155982986;1;4187;ENSG00000273002;ARHGEF2-AS2;1
1;155991390;156001787;1;10397;ENSG00000224276;ARHGEF2-AS1;1
19;53854581;53869107;-1;14526;ENSG00000228323;MYADM-AS1;1
2;148866470;148888823;-1;22353;ENSG00000231079;KIF5C-AS1;4
1;47096653;47179271;-1;82618;ENSG00000225506;CYP4A22-AS1;1
1;47432133;47434641;-1;2508;ENSG00000237424;FOXD2-AS1;1
7;104738597;104804107;-1;65510;ENSG00000226869;LHFPL3-AS1;7
7;104894628;104926645;-1;32017;ENSG00000225329;LHFPL3-AS2;2
2;102172621;102182108;-1;9487;ENSG00000226925;IL1R1-AS1;1
9;112399512;112487204;-1;87692;ENSG00000230185;HSDL2-AS1;9
7;88216660;88219226;1;2566;ENSG00000254003;SRI-AS1;1
9;83707594;83713496;1;5902;ENSG00000254473;UBQLN1-AS1;3
9;137615326;137618906;-1;3580;ENSG00000203993;ARRDC1-AS1;4
9;2421597;2622457;-1;200860;ENSG00000236404;VLDLR-AS1;14
2;25421117;25427643;1;6526;ENSG00000224220;DTNB-AS1;1
19;11987617;12046275;1;58658;ENSG00000219665;ZNF433-AS1;9
17;82454140;82458521;-1;4381;ENSG00000265458;NARF-AS2;3
17;82476597;82477924;-1;1327;ENSG00000266445;NARF-AS1;1
9;135462727;135480777;-1;18050;ENSG00000225361;PPP1R26-AS1;6
19;51888025;51900463;1;12438;ENSG00000268095;ZNF649-AS1;1
7;144194858;144280547;1;85689;ENSG00000244198;ARHGEF35-AS1;10
7;144300395;144356181;-1;55786;ENSG00000244479;OR2A1-AS1;10
9;72656;90820;1;18164;ENSG00000277631;PGM5P3-AS1;7
7;156654185;156659582;-1;5397;ENSG00000224903;RNF32-AS1;2
3;49640483;49641769;-1;1286;ENSG00000235120;BSN-AS1;1
7;157006307;157007132;1;825;ENSG00000235029;MNX1-AS2;1
7;157010805;157016426;1;5621;ENSG00000243479;MNX1-AS1;1
17;19296596;19306261;-1;9665;ENSG00000235397;EPN2-AS1;1
16;8962706;8966990;1;4284;ENSG00000260979;USP7-AS1;1
3;9947404;9954787;1;7383;ENSG00000230082;PRRT3-AS1;1
16;71564952;71578187;1;13235;ENSG00000260886;TAT-AS1;4
3;32730635;32737454;-1;6819;ENSG00000251224;CNOT10-AS1;1
7;27107777;27134302;1;26525;ENSG00000253552;HOXA-AS2;13
7;27129977;27155928;1;25951;ENSG00000254369;HOXA-AS3;5
7;27168619;27171915;1;3296;ENSG00000253187;HOXA10-AS;3
7;27184507;27189298;1;4791;ENSG00000240990;HOXA11-AS;10
7;27241429;27247229;-1;5800;ENSG00000253405;EVX1-AS;3
16;78234652;78241989;-1;7337;ENSG00000260969;WWOX-AS1;3
3;146589602;146590325;1;723;ENSG00000241457;PLSCR5-AS1;1
7;74688864;74729001;-1;40137;ENSG00000232729;GTF2I-AS1;7
5;138032774;138037266;1;4492;ENSG00000246323;FAM13B-AS1;1
11;116836117;116856018;1;19901;ENSG00000235910;APOA1-AS;2
11;72584572;72587979;1;3407;ENSG00000256633;PDE2A-AS2;1
5;88676033;88779088;1;103055;ENSG00000245864;MEF2C-AS2;5
2;219388496;219403633;1;15137;ENSG00000229525;DNPEP-AS1;1
3;52288580;52299067;-1;10487;ENSG00000242797;GLYCTK-AS1;4
2;219482073;219516877;-1;34804;ENSG00000227432;ASIC4-AS1;1
5;142325293;142672001;1;346708;ENSG00000231185;SPRY4-AS1;7
7;150379854;150383885;-1;4031;ENSG00000239377;ZNF775-AS1;1
3;85799987;85828050;-1;28063;ENSG00000241648;CADM2-AS2;1
5;91380349;91612566;1;232217;ENSG00000281357;ARRDC3-AS1;8
3;85992183;86028007;-1;35824;ENSG00000239519;CADM2-AS1;1
5;88883328;89466398;1;583070;ENSG00000248309;MEF2C-AS1;28
5;1883315;1884758;1;1443;ENSG00000249116;IRX4-AS1;3
5;147559994;147694827;1;134833;ENSG00000280780;JAKMIP2-AS1;6
5;181261169;181272307;1;11138;ENSG00000248275;TRIM52-AS1;5
5;67001383;67004080;-1;2697;ENSG00000229666;MAST4-AS1;1
5;61162070;61232040;1;69970;ENSG00000251279;SMIM15-AS1;12
5;112160526;112164818;1;4292;ENSG00000224032;EPB41L4A-AS1;7
5;81201341;81301565;-1;100224;ENSG00000247572;CKMT2-AS1;15
6;113969701;114471705;1;502004;ENSG00000228624;HDAC2-AS2;19
5;16129126;16141737;1;12611;ENSG00000250981;MARCHF11-AS1;2
6;105136308;105199559;1;63251;ENSG00000203808;BVES-AS1;20
6;146824539;147204614;-1;380075;ENSG00000233452;STXBP5-AS1;56
5;177438503;177447982;-1;9479;ENSG00000246334;PRR7-AS1;4
19;51340695;51344117;1;3422;ENSG00000267905;VSIG10L-AS1;2
5;163483065;163494058;-1;10993;ENSG00000251018;HMMR-AS1;2
5;78342338;78360507;-1;18169;ENSG00000245556;SCAMP1-AS1;3
6;124644434;124963165;-1;318731;ENSG00000236548;RNF217-AS1;16
6;16761138;16763947;1;2809;ENSG00000229931;ATXN1-AS1;10
6;41452889;41548621;-1;95732;ENSG00000234753;FOXP4-AS1;6
19;51415724;51417425;1;1701;ENSG00000255441;SIGLEC10-AS1;2
4;57109762;57207459;1;97697;ENSG00000245067;IGFBP7-AS1;4
4;2934882;2961738;1;26856;ENSG00000249673;NOP14-AS1;14
6;158988178;159088114;1;99936;ENSG00000271913;TAGAP-AS1;25
3;195908076;195913986;1;5910;ENSG00000224614;TNK2-AS1;4
4;181874438;182145249;-1;270811;ENSG00000177822;TENM3-AS1;9
6;163306907;163324530;-1;17623;ENSG00000281692;PACRG-AS1;5
4;38602438;38664926;-1;62488;ENSG00000231160;KLF3-AS1;24
6;34696317;34697478;1;1161;ENSG00000272288;ILRUN-AS1;5
6;32254640;32407763;1;153123;ENSG00000225914;TSBP1-AS1;17
6;96199840;96521717;-1;321877;ENSG00000233797;UFL1-AS1;9
4;108167525;108258037;1;90512;ENSG00000232021;LEF1-AS1;13
6;30742816;30743638;1;822;ENSG00000272273;IER3-AS1;2
4;173527270;173659696;1;132426;ENSG00000237125;HAND2-AS1;60
6;111483496;111598302;1;114806;ENSG00000231889;TRAF3IP2-AS1;15
6;28015122;28137313;-1;122191;ENSG00000269293;ZSCAN16-AS1;6
6;79233699;79236797;1;3098;ENSG00000270362;HMGN3-AS1;1
6;125577545;125749190;-1;171645;ENSG00000237742;HEY2-AS1;6
1;64094379;64171342;-1;76963;ENSG00000223949;ROR1-AS1;7
6;123389421;123511509;1;122088;ENSG00000235535;TRDN-AS1;20
4;109347475;109433817;-1;86342;ENSG00000247950;SEC24B-AS1;11
4;39527720;39594707;1;66987;ENSG00000249348;UGDH-AS1;2
4;102827611;102844099;1;16488;ENSG00000246560;UBE2D3-AS1;2
4;107863473;107989692;-1;126219;ENSG00000245293;CYP2U1-AS1;9
4;139411927;139454034;-1;42107;ENSG00000273247;RAB33B-AS1;7
4;144642919;144661357;-1;18438;ENSG00000248890;HHIP-AS1;4
4;140283724;140373406;-1;89682;ENSG00000196951;SCOC-AS1;6
7;47795291;47819847;1;24556;ENSG00000136275;PKD1L1-AS1;2
19;9621249;9674662;1;53413;ENSG00000267106;ZNF561-AS1;24
4;112515385;112546881;1;31496;ENSG00000249509;NEUROG2-AS1;2
12;49292631;49324576;-1;31945;ENSG00000258334;TROAP-AS1;1
17;28598790;28617377;1;18587;ENSG00000227543;SPAG5-AS1;6
1;236523052;236524508;-1;1456;ENSG00000223776;LGALS8-AS1;2
4;652850;656213;-1;3363;ENSG00000242686;PDE6B-AS1;4
12;56150796;56158220;-1;7424;ENSG00000257809;MYL6B-AS1;1
17;70166961;70169402;-1;2441;ENSG00000267365;KCNJ2-AS1;1
11;43909289;43920944;-1;11655;ENSG00000244926;ALKBH3-AS1;5
17;76138432;76154650;1;16218;ENSG00000267128;RNF157-AS1;6
1;222589825;222593843;1;4018;ENSG00000225265;TAF1A-AS1;6
19;1267471;1270260;-1;2789;ENSG00000267493;CIRBP-AS1;1
1;170460453;170532647;-1;72194;ENSG00000231407;GORAB-AS1;5
1;115283034;115368072;1;85038;ENSG00000228035;NGF-AS1;1
1;85276388;85448124;1;171736;ENSG00000223653;BCL10-AS1;3
16;921033;934495;1;13462;ENSG00000260439;LMF1-AS1;2
1;110487680;110490258;-1;2578;ENSG00000235407;CYMP-AS1;1
1;155316863;155324176;-1;7313;ENSG00000225855;RUSC1-AS1;4
11;126940746;126945090;1;4344;ENSG00000254960;KIRREL3-AS2;2
11;127002910;127006058;1;3148;ENSG00000218109;KIRREL3-AS3;1
3;179875376;179881609;1;6233;ENSG00000243799;PEX5L-AS1;1
3;179898199;179921895;1;23696;ENSG00000244302;PEX5L-AS2;1
3;58162547;58170636;-1;8089;ENSG00000244161;FLNB-AS1;2
17;49361150;49369998;1;8848;ENSG00000248714;ZNF652-AS1;3
17;4497394;4499674;-1;2280;ENSG00000229782;SPNS2-AS1;1
2;111098345;111116407;-1;18062;ENSG00000204581;ACOXL-AS1;3
3;3039033;3069242;-1;30209;ENSG00000237990;CNTN4-AS1;2
2;79492704;79513900;-1;21196;ENSG00000229385;CTNNA2-AS1;3
11;75206048;75241173;-1;35125;ENSG00000255136;TPBGL-AS1;5
12;92420094;92428148;-1;8054;ENSG00000205057;CLLU1-AS1;1
17;42552436;42554748;-1;2312;ENSG00000266962;HSD17B1-AS1;1
3;45676369;45689200;-1;12831;ENSG00000230530;LIMD1-AS1;4
19;46189029;46203160;-1;14131;ENSG00000268621;IGFL2-AS1;14
11;118510273;118531094;-1;20821;ENSG00000255435;TTC36-AS1;5
3;42506465;42533258;-1;26793;ENSG00000232354;VIPR1-AS1;36
7;561958;565619;1;3661;ENSG00000229380;PRKAR1B-AS2;1
7;603185;608482;1;5297;ENSG00000237181;PRKAR1B-AS1;1
3;42702541;42706776;1;4235;ENSG00000230970;HHATL-AS1;3
3;42732575;42746768;1;14193;ENSG00000173811;CCDC13-AS1;3
12;120941728;120980965;-1;39237;ENSG00000241388;HNF1A-AS1;7
3;51873596;51875767;1;2171;ENSG00000235455;IQCF5-AS1;1
3;44617128;44624797;-1;7669;ENSG00000233509;ZNF197-AS1;1
1;43447776;43448644;-1;868;ENSG00000229372;SZT2-AS1;1
1;43453927;43456995;1;3068;ENSG00000229348;HYI-AS1;1
1;1420245;1422691;1;2446;ENSG00000225905;ANKRD65-AS1;1
17;42154600;42155972;1;1372;ENSG00000267658;RAB5C-AS1;1
3;15254184;15264515;1;10331;ENSG00000224660;SH3BP5-AS1;6
1;19814367;19819502;1;5135;ENSG00000235434;RNF186-AS1;1
1;46538611;46570255;1;31644;ENSG00000269956;MKNK1-AS1;2
3;15436171;15455940;-1;19769;ENSG00000249786;EAF1-AS1;13
7;117560733;117564676;-1;3943;ENSG00000232661;CFTR-AS1;1
12;72249964;72276954;-1;26990;ENSG00000236333;TRHDE-AS1;24
11;70187788;70188509;-1;721;ENSG00000254902;ANO1-AS1;1
12;2219485;2223479;-1;3994;ENSG00000256025;CACNA1C-AS4;2
7;95545191;95615132;1;69941;ENSG00000231170;PDK4-AS1;16
12;2603350;2607440;-1;4090;ENSG00000256769;CACNA1C-AS3;1
12;2668500;2672220;-1;3720;ENSG00000256271;CACNA1C-AS2;1
12;2676001;2691200;-1;15199;ENSG00000246627;CACNA1C-AS1;3
3;192238037;192283097;1;45060;ENSG00000231383;FGF12-AS1;2
3;192515022;192516573;1;1551;ENSG00000230126;FGF12-AS2;1
3;192516831;192521398;1;4567;ENSG00000226709;FGF12-AS3;1
2;222917387;222919363;-1;1976;ENSG00000234193;ACSL3-AS1;1
7;92836367;92917188;1;80821;ENSG00000237819;CDK6-AS1;6
7;20328296;20331781;-1;3485;ENSG00000271133;ITGB8-AS1;3
17;45238028;45241734;-1;3706;ENSG00000233175;FMNL1-AS1;2
7;96955141;97014088;-1;58947;ENSG00000231764;DLX6-AS1;13
17;45247916;45269824;1;21908;ENSG00000267278;MAP3K14-AS1;13
7;124929873;125482966;1;553093;ENSG00000224897;POT1-AS1;32
1;31644049;31660162;1;16113;ENSG00000235790;PEF1-AS1;24
7;151409161;151413354;1;4193;ENSG00000243836;WDR86-AS1;6
1;226148003;226155071;1;7068;ENSG00000234478;ACBD3-AS1;1
7;87151419;87152420;-1;1001;ENSG00000224046;DMTF1-AS1;3
7;39404590;39406579;-1;1989;ENSG00000224122;POU6F2-AS1;3
7;143407784;143523449;1;115665;ENSG00000229153;EPHA1-AS1;4
7;151877042;151879229;1;2187;ENSG00000239911;PRKAG2-AS1;5
7;122303658;122310119;1;6461;ENSG00000230316;FEZF1-AS1;4
17;63995418;63999899;-1;4481;ENSG00000264954;PRR29-AS1;4
7;107739999;107744581;-1;4582;ENSG00000241764;CBLL1-AS1;7
7;100837314;100852637;-1;15323;ENSG00000236305;SLC12A9-AS1;2
1;224608130;224616220;-1;8090;ENSG00000233384;CNIH3-AS2;3
7;101014319;101017665;-1;3346;ENSG00000227053;MUC12-AS1;3
7;105013281;105014321;-1;1040;ENSG00000239569;KMT2E-AS1;12
1;39565052;39573860;1;8808;ENSG00000228060;PABPC4-AS1;2
7;38330978;38378804;1;47826;ENSG00000281103;TRG-AS1;20
7;79452877;79471208;1;18331;ENSG00000234456;MAGI2-AS3;48
1;150548562;150557724;-1;9162;ENSG00000237781;ADAMTSL4-AS2;1
7;107650260;107662204;-1;11944;ENSG00000233705;SLC26A4-AS1;13
1;150560202;150562115;-1;1913;ENSG00000203804;ADAMTSL4-AS1;1
7;1570073;1589626;1;19553;ENSG00000230487;PSMG3-AS1;9
19;47484282;47501597;1;17315;ENSG00000268061;NAPA-AS1;2
1;228203503;228213664;-1;10161;ENSG00000162913;OBSCN-AS1;7
16;86565145;86567845;-1;2700;ENSG00000260944;FOXC2-AS1;1
16;50727417;50742815;-1;15398;ENSG00000261644;CYLD-AS1;3
16;1064087;1078731;-1;14644;ENSG00000261713;SSTR5-AS1;5
3;4896809;4980414;-1;83605;ENSG00000235831;BHLHE40-AS1;6
16;3100696;3143734;-1;43038;ENSG00000263072;ZNF213-AS1;33
16;28878957;28879938;-1;981;ENSG00000260442;ATP2A1-AS1;5
16;3037400;3059370;-1;21970;ENSG00000261971;MMP25-AS1;10
19;43901866;43927767;1;25901;ENSG00000267191;ZNF45-AS1;5
19;58362569;58367620;1;5051;ENSG00000269054;ZNF497-AS1;2
19;42821774;42826878;1;5104;ENSG00000225877;PSG8-AS1;4
16;25085168;25111555;-1;26387;ENSG00000260448;LCMT1-AS1;4
19;55006193;55048086;1;41893;ENSG00000267265;GP6-AS1;4
19;58559125;58574797;1;15672;ENSG00000267858;MZF1-AS1;7
19;46660364;46678991;1;18627;ENSG00000245598;DACT3-AS1;5
19;36573070;36594712;1;21642;ENSG00000233527;ZNF529-AS1;7
19;35540738;35546029;-1;5291;ENSG00000236144;TMEM147-AS1;10
19;42397114;42652355;1;255241;ENSG00000213904;LIPE-AS1;12
19;8374372;8390685;-1;16313;ENSG00000269386;RAB11B-AS1;3
19;51949122;51981367;1;32245;ENSG00000269235;ZNF350-AS1;5
19;37497159;37507122;-1;9963;ENSG00000266916;ZNF793-AS1;5
19;562360;572228;-1;9868;ENSG00000267751;BSG-AS1;6
19;52388842;52397791;-1;8949;ENSG00000269834;ZNF528-AS1;6
19;56477250;56504362;1;27112;ENSG00000166770;ZNF667-AS1;20
2;113211421;113276581;1;65160;ENSG00000189223;PAX8-AS1;30
1;220832763;220880140;-1;47377;ENSG00000257551;HLX-AS1;1
19;54444807;54449430;-1;4623;ENSG00000226696;LENG8-AS1;6
1;173862473;173863941;1;1468;ENSG00000270084;GAS5-AS1;1
1;111739579;111747798;1;8219;ENSG00000227811;INKA2-AS1;3
1;111909336;111910931;1;1595;ENSG00000237556;KCND3-AS1;3
19;54635722;54638892;-1;3170;ENSG00000224730;LILRB1-AS1;1
1;226668897;226676345;1;7448;ENSG00000228548;ITPKB-AS1;1
3;142654784;142656745;-1;1961;ENSG00000239641;PLS1-AS1;1
2;130107684;130109741;1;2057;ENSG00000224087;POTEF-AS1;1
1;161084465;161087571;1;3106;ENSG00000228917;NECTIN4-AS1;1
3;18445024;18923280;1;478256;ENSG00000228956;SATB1-AS1;74
17;42753914;42761257;-1;7343;ENSG00000197291;RAMP2-AS1;6
1;154402328;154406564;-1;4236;ENSG00000228013;IL6R-AS1;1
3;45483974;45509545;-1;25571;ENSG00000232455;LARS2-AS1;1
19;35667948;35673304;-1;5356;ENSG00000226510;UPK1A-AS1;1
2;201140278;201157823;-1;17545;ENSG00000226312;CFLAR-AS1;23
16;88512960;88531053;-1;18093;ENSG00000261744;ZFPM1-AS1;1
2;172464262;172466022;-1;1760;ENSG00000232788;ITGA6-AS1;2
11;18706537;18740568;1;34031;ENSG00000254966;IGSF22-AS1;1
16;88663298;88687282;1;23984;ENSG00000260630;SNAI3-AS1;18
12;75234740;75298508;1;63768;ENSG00000254451;CAPS2-AS1;3
2;85889151;85891136;1;1985;ENSG00000232504;ST3GAL5-AS1;2
16;27447669;27453393;-1;5724;ENSG00000259954;IL21R-AS1;1
3;124781155;124787757;1;6602;ENSG00000244286;ITGB5-AS1;1
3;9249742;9257507;1;7765;ENSG00000235830;SRGAP3-AS4;1
2;176121611;176137098;-1;15487;ENSG00000237380;HOXD-AS2;3
17;1181893;1185086;1;3193;ENSG00000235361;ABR-AS1;1
1;33868953;33893726;1;24773;ENSG00000231163;CSMD2-AS1;21
11;119417951;119419114;1;1163;ENSG00000263873;THY1-AS1;1
1;227743831;227747191;-1;3360;ENSG00000230005;SNAP47-AS1;1
2;217978707;217993747;1;15040;ENSG00000223923;TNS1-AS1;2
2;189762704;189765556;1;2852;ENSG00000253559;OSGEPL1-AS1;3
2;135820191;135823087;1;2896;ENSG00000226806;LCT-AS1;1
11;83185521;83187036;-1;1515;ENSG00000269939;PCF11-AS1;1
1;54236440;54239063;1;2623;ENSG00000198711;SSBP3-AS1;1
1;154553609;154555017;1;1408;ENSG00000229780;UBE2Q1-AS1;1
1;46674036;46692098;1;18062;ENSG00000228237;EFCAB14-AS1;2
17;50281577;50287855;-1;6278;ENSG00000251179;TMEM92-AS1;1
12;63804739;63822156;-1;17417;ENSG00000255850;RXYLT1-AS1;2
11;1983237;1989964;-1;6727;ENSG00000226416;MRPL23-AS1;1
11;124759129;124766119;1;6990;ENSG00000250073;ESAM-AS1;4
17;44299574;44315315;-1;15741;ENSG00000267750;RUNDC3A-AS1;4
11;32435518;32500632;1;65114;ENSG00000183242;WT1-AS;12
11;10541258;10599939;1;58681;ENSG00000177112;IRAG1-AS1;5
11;20043767;20049458;-1;5691;ENSG00000254453;NAV2-AS2;1
11;46846410;46874421;1;28011;ENSG00000247675;LRP4-AS1;4
11;10858179;10908972;1;50793;ENSG00000247271;ZBED5-AS1;9
11;30584118;30632583;1;48465;ENSG00000254489;MPPED2-AS1;4
1;43385113;43389155;1;4042;ENSG00000229431;MED8-AS1;1
11;117288453;117293578;1;5125;ENSG00000278768;BACE1-AS;5
3;129315392;129326225;1;10833;ENSG00000206417;H1-10-AS1;4
1;156637783;156641004;-1;3221;ENSG00000272068;BCAN-AS1;1
12;9948137;9953336;-1;5199;ENSG00000231560;CLEC12A-AS1;1
1;51329654;51335324;1;5670;ENSG00000261664;TTC39A-AS1;2
11;48014406;48015855;-1;1449;ENSG00000254879;PTPRJ-AS1;1
1;1173056;1179555;-1;6499;ENSG00000205231;TTLL10-AS1;1
12;31589923;31615666;1;25743;ENSG00000255867;DENND5B-AS1;2
17;74970704;74975728;1;5024;ENSG00000263586;HID1-AS1;1
17;58519837;58557799;1;37962;ENSG00000264672;SEPTIN4-AS1;3
3;71289769;71305853;1;16084;ENSG00000244203;FOXP1-AS1;1
3;159765387;159768612;-1;3225;ENSG00000241211;IQCJ-SCHIP1-AS1;2
1;21293290;21299874;1;6584;ENSG00000231105;ECE1-AS1;2
1;74577430;74626098;1;48668;ENSG00000234497;ERICH3-AS1;3
12;130144315;130162256;-1;17941;ENSG00000250208;FZD10-AS1;4
12;98512973;98516422;-1;3449;ENSG00000257167;TMPO-AS1;2
12;29389289;29487488;1;98199;ENSG00000257599;OVCH1-AS1;4
12;109052349;109053984;-1;1635;ENSG00000256262;USP30-AS1;1
11;2140501;2148666;1;8165;ENSG00000099869;IGF2-AS;3
12;25936683;25959765;-1;23082;ENSG00000246695;RASSF8-AS1;20
12;6439001;6451568;-1;12567;ENSG00000215039;CD27-AS1;17
12;56300076;56317992;1;17916;ENSG00000257303;CNPY2-AS1;3
12;7108052;7122524;1;14472;ENSG00000205885;C1RL-AS1;5
12;3871579;3910384;1;38805;ENSG00000256862;PARP11-AS1;7
12;55729094;55730857;1;1763;ENSG00000258056;CD63-AS1;1
11;2328749;2377992;-1;49243;ENSG00000238184;CD81-AS1;2
12;31019434;31073847;-1;54413;ENSG00000245614;DDX11-AS1;5
12;47205896;47216460;-1;10564;ENSG00000247774;PCED1B-AS1;29
12;53298655;53300364;-1;1709;ENSG00000257605;MYG1-AS1;1
12;114408131;114412832;1;4701;ENSG00000255399;TBX5-AS1;10
12;48998367;49019241;1;20874;ENSG00000257913;DDN-AS1;6
12;120201274;120213231;1;11957;ENSG00000255857;PXN-AS1;12
12;123363868;123366113;1;2245;ENSG00000256092;SBNO1-AS1;8
12;111839758;111842902;-1;3144;ENSG00000234608;MAPKAPK5-AS1;13
12;113471981;113480636;1;8655;ENSG00000257935;LHX5-AS1;13
12;12927712;12984645;1;56933;ENSG00000247498;GPRC5D-AS1;10
3;128075810;128079056;1;3246;ENSG00000239608;RUVBL1-AS1;1
17;29560547;29707090;1;146543;ENSG00000264031;ABHD15-AS1;1
1;11143898;11149537;1;5639;ENSG00000225602;MTOR-AS1;2
3;133429269;133455776;-1;26507;ENSG00000249993;BFSP2-AS1;1
2;32377631;32379599;-1;1968;ENSG00000230046;BIRC6-AS1;1
12;4247981;4276252;-1;28271;ENSG00000255920;CCND2-AS1;7
11;8964502;8977527;1;13025;ENSG00000254860;TMEM9B-AS1;6
11;64245942;64248218;1;2276;ENSG00000256940;PPP1R14B-AS1;4
2;54747103;54750473;-1;3370;ENSG00000231334;EML6-AS1;1
17;74584679;74594209;1;9530;ENSG00000182352;CD300LD-AS1;3
1;151841877;151850385;1;8508;ENSG00000234614;C2CD4D-AS1;1
17;15735023;15749192;-1;14169;ENSG00000233002;TBC1D26-AS1;3
3;184095118;184105178;-1;10060;ENSG00000238020;HTR3E-AS1;1
1;204377850;204435846;1;57996;ENSG00000226330;PPP1R15B-AS1;1
3;184006338;184011419;1;5081;ENSG00000223882;ABCC5-AS1;1
3;169978536;169985715;-1;7179;ENSG00000240373;SEC62-AS1;1
3;196939877;196942534;1;2657;ENSG00000225578;NCBP2-AS1;1
3;42934252;42936785;-1;2533;ENSG00000206552;KRBOX1-AS1;1
3;43346923;43352152;-1;5229;ENSG00000234617;SNRK-AS1;2
1;15326680;15343876;-1;17196;ENSG00000233485;FHAD1-AS1;1
1;15402979;15409433;-1;6454;ENSG00000228140;EFHD2-AS1;2
3;24494087;24681711;1;187624;ENSG00000228791;THRB-AS1;11
1;71048855;71067184;1;18329;ENSG00000235079;ZRANB2-AS1;2
3;50099603;50100988;-1;1385;ENSG00000281691;RBM5-AS1;1
3;50116022;50156085;-1;40063;ENSG00000235016;SEMA3F-AS1;2
1;224717504;224730662;-1;13158;ENSG00000229400;CNIH3-AS1;1
3;98706236;98732757;-1;26521;ENSG00000239445;ST3GAL6-AS1;16
2;2319232;2327110;1;7878;ENSG00000225619;MYT1L-AS1;2
2;178521183;178779963;1;258780;ENSG00000237298;TTN-AS1;80
1;22028317;22052927;-1;24610;ENSG00000285752;CDC42-AS1;1
3;113019468;113184377;1;164909;ENSG00000240057;NEPRO-AS1;10
3;126180012;126210169;1;30157;ENSG00000246022;ALDH1L1-AS2;4
3;64684909;65053439;1;368530;ENSG00000241684;ADAMTS9-AS2;7
3;190120944;190150162;1;29218;ENSG00000225764;P3H2-AS1;3
3;150703486;150723005;1;19519;ENSG00000240137;ERICH6-AS1;5
3;44556987;44685665;-1;128678;ENSG00000236869;ZKSCAN7-AS1;2
3;110888384;111071553;-1;183169;ENSG00000242242;NECTIN3-AS1;9
3;47164186;47246601;1;82415;ENSG00000227398;KIF9-AS1;3
3;152245262;152269565;-1;24303;ENSG00000229619;MBNL1-AS1;4
3;40313802;40453329;-1;139527;ENSG00000223797;ENTPD3-AS1;7
3;37693655;37861802;-1;168147;ENSG00000235257;ITGA9-AS1;38
3;42601963;42654388;-1;52425;ENSG00000230084;ZBTB47-AS1;5
1;33350352;33363245;1;12893;ENSG00000233246;PHC2-AS1;1
3;40061110;40309698;-1;248588;ENSG00000280739;EIF1B-AS1;14
3;42770600;42773722;1;3122;ENSG00000225611;CCDC13-AS2;1
3;156671859;156674446;-1;2587;ENSG00000243926;TIPARP-AS1;4
3;50266631;50267541;-1;910;ENSG00000232352;SEMA3B-AS1;2
3;9349689;9398579;-1;48890;ENSG00000206573;THUMPD3-AS1;37
3;123585300;123644568;1;59268;ENSG00000239523;MYLK-AS1;18
3;154024401;154121347;-1;96946;ENSG00000243069;ARHGEF26-AS1;18
1;180949699;180954887;-1;5188;ENSG00000232586;KIAA1614-AS1;1
3;194583991;194590260;1;6269;ENSG00000231770;TMEM44-AS1;16
1;93262186;93346025;-1;83839;ENSG00000223745;CCDC18-AS1;32
3;14920347;14948424;-1;28077;ENSG00000225733;FGD5-AS1;11
1;159194325;159207973;-1;13648;ENSG00000225670;CADM3-AS1;2
3;173910498;173920796;-1;10298;ENSG00000228213;NLGN1-AS1;2
1;24066774;24083565;1;16791;ENSG00000230703;MYOM3-AS1;1
1;24307556;24321901;-1;14345;ENSG00000232298;GRHL3-AS1;1
2;26984776;27014612;-1;29836;ENSG00000205500;MAPRE3-AS1;4
3;13476982;13480053;-1;3071;ENSG00000244502;HDAC11-AS1;1
2;27049683;27050264;-1;581;ENSG00000231636;AGBL5-AS1;1
3;198038321;198039234;-1;913;ENSG00000232832;LMLN-AS1;1
3;196999460;197004744;1;5284;ENSG00000228109;MELTF-AS1;5
2;165957188;166390771;1;433583;ENSG00000236107;SCN1A-AS1;27
1;155045191;155046118;-1;927;ENSG00000232093;DCST1-AS1;1
1;145926590;145959179;1;32589;ENSG00000234222;LIX1L-AS1;19
3;197298252;197303755;1;5503;ENSG00000227375;DLG1-AS1;5
3;17042742;17044192;-1;1450;ENSG00000226441;PLCL2-AS1;1
1;49257411;49269285;1;11874;ENSG00000230114;AGBL4-AS1;1
1;178724306;178726285;-1;1979;ENSG00000273062;RALGPS2-AS1;1
17;58324472;58415766;1;91294;ENSG00000265148;TSPOAP1-AS1;15
2;206203543;206265326;1;61783;ENSG00000279220;GPR1-AS;3
17;61393455;61411555;-1;18100;ENSG00000267280;TBX2-AS1;6
17;1516877;1518101;1;1224;ENSG00000236618;PITPNA-AS1;1
2;200780495;200812170;-1;31675;ENSG00000230408;BZW1-AS1;1
17;20868433;21002276;1;133843;ENSG00000233098;CCDC144NL-AS1;22
17;47897330;47941410;-1;44080;ENSG00000234494;SP2-AS1;4
17;40819106;40836270;1;17164;ENSG00000167920;KRT10-AS1;9
17;79018131;79027673;-1;9542;ENSG00000265096;C1QTNF1-AS1;3
17;331205;333488;1;2283;ENSG00000262061;RPH3AL-AS1;7
17;45799390;45895680;-1;96290;ENSG00000264589;MAPT-AS1;6
17;6875232;7012530;-1;137298;ENSG00000215067;ALOX12-AS1;16
1;26462756;26468014;-1;5258;ENSG00000225891;DHDDS-AS1;2
17;45150400;45161538;-1;11138;ENSG00000224505;HEXIM2-AS1;4
2;218326889;218357966;-1;31077;ENSG00000237281;CATIP-AS2;1
2;218366665;218367835;-1;1170;ENSG00000225062;CATIP-AS1;2
2;167814757;167941180;-1;126423;ENSG00000235335;B3GALT1-AS1;5
1;245206444;245234501;-1;28057;ENSG00000232192;KIF26B-AS1;1
17;4986466;4987324;1;858;ENSG00000262678;CAMTA2-AS1;1
17;5019214;5020093;-1;879;ENSG00000227495;KIF1C-AS1;1
17;5111468;5115004;1;3536;ENSG00000234327;ZNF232-AS1;5
17;80351828;80415168;-1;63340;ENSG00000263069;RNF213-AS1;5
17;44175968;44186723;-1;10755;ENSG00000267080;ASB16-AS1;11
17;44198537;44216565;1;18028;ENSG00000267394;ATXN7L3-AS1;2
17;46193568;46197842;1;4274;ENSG00000214401;KANSL1-AS1;4
2;8666636;8681864;-1;15228;ENSG00000235092;ID2-AS1;13
2;28384409;28394680;-1;10271;ENSG00000229951;FOSL2-AS1;3
2;73947322;73982164;-1;34842;ENSG00000237883;DGUOK-AS1;6
2;104936239;105038496;-1;102257;ENSG00000224509;MRPS9-AS2;4
2;113526836;113542738;-1;15902;ENSG00000231943;PGM5P4-AS1;8
2;38073447;38231651;1;158204;ENSG00000232973;CYP1B1-AS1;40
2;236167418;236294927;1;127509;ENSG00000233611;GBX2-AS1;6
2;69960104;70103220;-1;143116;ENSG00000179818;PCBP1-AS1;283
2;949257;951502;-1;2245;ENSG00000235688;SNTG2-AS1;5
2;113831049;113891020;-1;59971;ENSG00000228857;ACTR3-AS1;4
2;199457697;199476935;1;19238;ENSG00000225953;SATB2-AS1;8
2;121649320;121728563;1;79243;ENSG00000236859;NIFK-AS1;16
2;208255214;208256181;1;967;ENSG00000231908;IDH1-AS1;2
2;191846534;192044525;1;197991;ENSG00000233766;CAVIN2-AS1;18
2;239401436;239402394;1;958;ENSG00000222020;HDAC4-AS1;19
2;96208389;96243353;1;34964;ENSG00000204685;STARD7-AS1;8
2;24971390;25039716;1;68326;ENSG00000224165;DNAJC27-AS1;14
2;197197936;197199276;1;1340;ENSG00000231621;ANKRD44-AS1;1
2;206084605;206086860;1;2255;ENSG00000227946;INO80D-AS1;5
2;44940153;44941916;-1;1763;ENSG00000236502;SIX3-AS1;4
2;159615294;159618637;1;3343;ENSG00000224152;BAZ2B-AS1;7
2;115126622;115161384;-1;34762;ENSG00000235026;DPP10-AS1;7
2;177653419;177723289;1;69870;ENSG00000229941;PDE11A-AS1;3
2;70941817;70948610;-1;6793;ENSG00000239322;ATP6V1B1-AS1;2
2;39786453;40255209;1;468756;ENSG00000227028;SLC8A1-AS1;41
2;108507515;108534196;-1;26681;ENSG00000214184;GCC2-AS1;2
2;108676795;108678601;-1;1806;ENSG00000228763;LIMS1-AS1;1
1;41014590;41043890;1;29300;ENSG00000281207;SLFNL1-AS1;1
2;216385288;216412696;-1;27408;ENSG00000235042;SMARCAL1-AS1;1
2;216694404;217336120;1;641716;ENSG00000233143;DIRC3-AS1;18
1;201507241;201534784;1;27543;ENSG00000224536;CSRP1-AS1;1
1;201688259;201829559;-1;141300;ENSG00000231871;IPO9-AS1;3
2;135985124;136022593;1;37469;ENSG00000231890;DARS1-AS1;32
1;41375004;41375669;-1;665;ENSG00000229901;FOXO6-AS1;1
2;74502552;74505091;1;2539;ENSG00000257702;LBX2-AS1;19
1;11777077;11779619;-1;2542;ENSG00000177553;C1orf167-AS1;1
1;110286375;110339171;-1;52796;ENSG00000227963;RBM15-AS1;2
1;116378437;116421301;-1;42864;ENSG00000203865;ATP1A1-AS1;18
1;67832297;68202987;1;370690;ENSG00000232284;GNG12-AS1;5
1;183460874;183472896;-1;12022;ENSG00000232860;SMG7-AS1;5
1;173417793;173489407;-1;71614;ENSG00000203739;PRDX6-AS1;12
1;94247819;94411036;1;163217;ENSG00000226835;ARHGAP29-AS1;11
1;16155176;16158148;1;2972;ENSG00000227959;EPHA2-AS1;1
1;155194997;155205495;1;10498;ENSG00000231064;THBS3-AS1;10
1;110347116;110443817;1;96701;ENSG00000224699;LAMTOR5-AS1;54
1;151279678;151281970;-1;2292;ENSG00000232671;ZNF687-AS1;4
1;9672405;9687573;-1;15168;ENSG00000231789;PIK3CD-AS2;1
1;151346938;151348027;1;1089;ENSG00000237976;RFX5-AS1;1
1;218344190;218346024;-1;1834;ENSG00000232480;TGFB2-AS1;4
1;11099430;11102100;1;2670;ENSG00000230337;EXOSC10-AS1;2
1;100251528;100266179;-1;14651;ENSG00000224616;RTCA-AS1;6
1;43685123;43708138;-1;23015;ENSG00000236200;KDM4A-AS1;7
1;35569807;35577771;-1;7964;ENSG00000239636;TFAP2E-AS1;2
1;23368949;23371839;1;2890;ENSG00000249087;ZNF436-AS1;9
1;119140391;119275973;1;135582;ENSG00000231365;WARS2-AS1;11
1;1399515;1402046;1;2531;ENSG00000224870;MRPL20-AS1;21
1;165476833;165582155;-1;105322;ENSG00000237463;LRRC52-AS1;18
1;151790804;151794403;1;3599;ENSG00000203288;TDRKH-AS1;3
1;19210355;19240704;1;30349;ENSG00000230424;EMC1-AS1;2
1;63320878;63324441;-1;3563;ENSG00000230798;FOXD3-AS1;19
1;23706901;23778325;-1;71424;ENSG00000236810;ELOA-AS1;9
1;93591972;93605573;1;13601;ENSG00000224093;BCAR3-AS1;5
1;234372807;234373662;-1;855;ENSG00000231663;COA6-AS1;10
1;209661356;209724125;-1;62769;ENSG00000227591;HSD11B1-AS1;2
1;15740048;15749896;-1;9848;ENSG00000224459;SLC25A34-AS1;1
1;30718504;30726827;1;8323;ENSG00000186056;MATN1-AS1;5
1;39779969;39781418;1;1449;ENSG00000285905;BMP8B-AS1;1
1;39897745;39899098;1;1353;ENSG00000236546;MYCL-AS1;1
1;99004276;99244794;1;240518;ENSG00000232825;PLPPR5-AS1;5
1;155562026;155563944;1;1918;ENSG00000235919;ASH1L-AS1;2
1;178090677;178093984;-1;3307;ENSG00000224687;RASAL2-AS1;4
1;206634184;206635714;-1;1530;ENSG00000237605;DYRK3-AS1;4
