Isoform,Gene ID,Gene name,TPM (median),TPM (Q1),TPM (Q3)
202c93d6-8760-448d-9ecd-5c365da394ec,ENSG00000121410,A1BG,125,4,111,8,143,5
ENST00000263100.8,ENSG00000121410,A1BG,962,7,834,4,1131,4
26a2a303-7eeb-4364-80f9-30b976640c62,ENSG00000175899,A2M,8,6,6,6,11,9
47c9b23f-039b-4b18-b8b7-22b9300ace50,ENSG00000175899,A2M,49,0,41,8,71,6
9fe5e96b-3014-41b3-9d88-04de5536dcdd,ENSG00000175899,A2M,9,7,6,1,13,7
ENST00000318602.12,ENSG00000175899,A2M,280,6,212,1,408,1
e357ea1f-7648-45e3-aaaf-d86ec6ea451d,ENSG00000175899,A2M,7,1,6,1,9,3
470a0f6f-d96c-4117-a6ed-03c2145e22b9,ENSG00000154258,ABCA9,11,5,6,1,25,4
ENST00000307201.5,ENSG00000168792,ABHD15,9,7,6,1,18,6
ENST00000366812.6,ENSG00000182827,ACBD3,18,5,13,3,28,4
ENST00000357430.8,ENSG00000123983,ACSL3,18,5,12,4,29,7
ENST00000392066.7,ENSG00000123983,ACSL3,11,7,6,9,16,9
28e36b7b-c1e0-4e77-944c-a49c1fdb9e54,ENSG00000164398,ACSL6,9,6,9,1,10,2
1c261ce1-aff2-43cb-9c9a-f5d7f436b519,ENSG00000107796,ACTA2,6,0,5,7,6,5
ENST00000224784.10,ENSG00000107796,ACTA2,19,3,12,3,32,5
ce09344e-6c2a-4d9c-9610-5926f5fda84b,ENSG00000107796,ACTA2,5,8,5,7,6,1
ENST00000263238.7,ENSG00000115091,ACTR3,50,6,42,1,62,6
ENST00000477180.1,ENSG00000163638,ADAMTS9,6,6,6,2,9,7
ad874c0e-193f-499b-9519-2eeefcacb088,ENSG00000143382,ADAMTSL4,19,4,15,6,27,1
ENST00000277900.12,ENSG00000148700,ADD3,29,0,23,5,38,4
ENST00000543617.2,ENSG00000111452,ADGRD1,10,1,7,9,53,6
ENST00000283296.12,ENSG00000069122,ADGRF5,16,0,6,1,23,2
ENST00000372013.8,ENSG00000148671,ADIRF,113,2,77,7,156,8
ENST00000416348.1,ENSG00000148671,ADIRF,10,1,8,1,14,1
ENST00000396032.8,ENSG00000101126,ADNP,11,7,6,0,18,2
7b0d2eeb-4e8c-4923-a624-1cce45d5e804,ENSG00000159322,ADPGK,6,2,6,0,8,4
ENST00000311669.12,ENSG00000159322,ADPGK,7,4,6,1,10,2
ENST00000487078.5,ENSG00000084693,AGBL5,10,6,7,5,12,8
872df5c3-0ed5-4870-a44c-e314c686298d,ENSG00000128918,ALDH1A2,11,7,8,9,14,5
a6db7b1c-c07d-41fd-b1f4-5978efea4a78,ENSG00000128918,ALDH1A2,6,0,5,8,7,6
ef996a2f-742d-4231-85dc-6257d36918f8,ENSG00000184254,ALDH1A3,7,8,6,3,10,2
75a67b89-e1fd-4b80-abe5-6a703096d88e,ENSG00000144908,ALDH1L1,5,7,5,7,5,7
7caad251-21b3-4e7e-96bd-9229a6ff4dec,ENSG00000144908,ALDH1L1,13,1,9,1,19,4
ENST00000273450.7,ENSG00000144908,ALDH1L1,5,8,5,8,5,8
ENST00000393434.7,ENSG00000144908,ALDH1L1,62,0,29,6,70,1
d2b38a20-f9fa-441c-a76b-ce894ec83496,ENSG00000144908,ALDH1L1,11,5,11,1,11,9
def6da7f-25c2-43c9-8d55-318f49c5322b,ENSG00000144908,ALDH1L1,6,2,6,2,6,2
ENST00000371979.7,ENSG00000101901,ALG13,17,9,11,3,26,9
ENST00000370205.6,ENSG00000172339,ALG14,25,3,13,3,29,7
ENST00000302708.9,ENSG00000166199,ALKBH3,24,2,9,7,28,6
4a8ab9a9-bbc9-4b6f-9fac-d9d9abbfb37f,ENSG00000213983,AP1G2,11,0,7,1,14,2
ENST00000369569.6,ENSG00000134262,AP4B1,11,6,9,1,13,7
2c10a499-d29f-4d02-a9df-e9b76688ab64,ENSG00000118137,APOA1,12,4,6,1,13,9
ENST00000236850.5,ENSG00000118137,APOA1,6384,3,4998,3,7274,8
ENST00000359492.6,ENSG00000118137,APOA1,888,7,674,5,1050,0
ENST00000375320.5,ENSG00000118137,APOA1,400,1,270,2,474,7
ENST00000375329.6,ENSG00000118137,APOA1,13,9,6,4,17,3
ENST00000375329.6-1,ENSG00000118137,APOA1,11,1,9,5,12,5
49623d3e-75f2-42b9-8045-8a4094a5373b,ENSG00000171885,AQP4,6,1,5,9,10,1
ENST00000393609.8,ENSG00000186635,ARAP1,6,8,5,8,11,4
ENST00000426523.5,ENSG00000186635,ARAP1,23,5,15,6,30,7
ENST00000303436.11,ENSG00000168374,ARF4,109,3,82,9,167,6
ENST00000295095.11,ENSG00000075884,ARHGAP15,11,5,7,0,14,3
9d265d1d-3d1c-4176-9c2d-3ad1afebb90a,ENSG00000137962,ARHGAP29,18,5,12,8,33,3
1a517c29-25ed-4887-8212-927a03861327,ENSG00000031081,ARHGAP31,7,1,6,0,10,7
284b691d-2058-4474-aa41-81631b2f8494,ENSG00000165895,ARHGAP42,11,5,8,3,21,2
ENST00000298815.13,ENSG00000165895,ARHGAP42,10,8,8,7,12,9
ENST00000263674.4,ENSG00000110237,ARHGEF17,12,8,7,8,17,0
2c860837-fbfb-45ef-a75e-5a1506250dad,ENSG00000104880,ARHGEF18,9,7,5,9,12,0
ENST00000594665.2,ENSG00000104880,ARHGEF18,10,8,8,7,12,9
313ded87-61b9-4b97-89b5-78acf7f5d4c2,ENSG00000142632,ARHGEF19,5,8,5,6,6,0
2e381450-2b09-4fb6-b2f0-83a208d87ebc,ENSG00000116584,ARHGEF2,11,5,8,8,12,4
824c9162-83d6-46ed-938e-5c3e9217f072,ENSG00000116584,ARHGEF2,12,4,6,9,13,6
46fd06df-a458-407c-b92a-e0c62d441472,ENSG00000114790,ARHGEF26,16,0,12,3,25,8
ENST00000296315.8,ENSG00000163947,ARHGEF3,6,4,5,9,8,1
f08f3d56-5a8b-4f25-aae5-1f00d53bef16,ENSG00000102606,ARHGEF7,12,3,6,2,15,0
ENST00000471229.7,ENSG00000102401,ARMCX3,18,4,6,3,28,9
ENST00000265138.4,ENSG00000113369,ARRDC3,77,6,62,2,110,1
ENST00000381154.6,ENSG00000006756,ARSD,66,6,49,1,95,2
ENST00000636435.1,ENSG00000104763,ASAH1,16,0,9,7,18,4
ENST00000637244.1,ENSG00000104763,ASAH1,86,1,53,7,92,4
ENST00000381317.9,ENSG00000169093,ASMTL,10,4,7,3,14,5
ENST00000282185.8,ENSG00000152348,ATG10,11,5,6,6,12,4
ENST00000355178.8,ENSG00000152348,ATG10,7,5,6,8,9,1
33571f18-9530-4fbe-9691-07b1af57032d,ENSG00000177556,ATOX1,6,2,5,7,11,6
ENST00000313115.11,ENSG00000177556,ATOX1,165,3,135,9,202,0
ENST00000520382.5,ENSG00000177556,ATOX1,8,4,7,3,9,5
da3da0de-46d1-4446-9c40-7de27b77fefa,ENSG00000177556,ATOX1,7,3,5,9,9,6
e4482813-e8da-47fd-be33-d96f5c4f51d1,ENSG00000068650,ATP11A,17,2,12,4,24,5
ENST00000286371.8,ENSG00000069849,ATP1B3,16,0,12,8,19,6
ENST00000261173.6,ENSG00000070961,ATP2B1,15,0,12,3,23,0
ENST00000425642.3,ENSG00000171130,ATP6V0E2,71,2,65,8,89,0
fda50dc3-d10d-4de3-a25d-c7a7a91cb829,ENSG00000204842,ATXN2,7,4,5,9,12,6
ff4c5d4e-1bf0-4184-a0ec-1fce63e3f93c,ENSG00000204842,ATXN2,8,0,6,2,12,3
520e6461-c74b-4075-ba1d-67db7b7db8f7,ENSG00000087152,ATXN7L3,16,0,11,9,19,3
ENST00000309982.10,ENSG00000164929,BAALC,6,2,6,1,8,0
ENST00000399921.5,ENSG00000156273,BACH1,15,5,12,8,19,4
ENST00000322611.4,ENSG00000176788,BASP1,21,3,18,9,38,9
ENST00000525090.1,ENSG00000129151,BBOX1,50,7,20,0,65,1
ENST00000333924.6,ENSG00000186666,BCDIN3D,6,1,6,1,6,4
ENST00000648566.1,ENSG00000142867,BCL10,8,9,5,9,16,3
ENST00000307677.5,ENSG00000171552,BCL2L1,6,0,5,8,11,5
ENST00000676582.1,ENSG00000171552,BCL2L1,6,2,6,1,7,5
ENST00000678563.1,ENSG00000171552,BCL2L1,12,1,8,9,15,2
ENST00000222547.8,ENSG00000105829,BET1,36,5,24,0,40,2
ENST00000256495.4,ENSG00000134107,BHLHE40,33,4,19,1,60,9
3f1e0d31-7e34-4b60-80c9-03296d3c3376,ENSG00000063169,BICRA,10,6,7,5,12,7
acce4569-dc53-4970-b65a-51bcb80519ec,ENSG00000115760,BIRC6,12,4,8,6,17,9
7b0cadc0-ef08-4b67-8914-f7705419f294,ENSG00000176720,BOK,6,2,6,0,6,4
ENST00000318407.5,ENSG00000176720,BOK,33,1,29,0,40,6
7ef64d08-b74a-4764-b057-d82c878a9459,ENSG00000185658,BRWD1,7,1,6,3,7,9
ENST00000341322.4,ENSG00000185658,BRWD1,12,8,7,8,17,8
ENST00000353555.9,ENSG00000172270,BSG,120,5,97,8,162,0
ENST00000254977.7,ENSG00000132640,BTBD3,11,6,6,6,16,0
ENST00000348354.7,ENSG00000154640,BTG3,12,8,10,9,16,7
ENST00000409600.6,ENSG00000082153,BZW1,32,0,29,9,48,3
dc65399c-cd11-412f-8147-046f4437e678,ENSG00000082153,BZW1,12,3,7,6,15,0
ENST00000579760.6,ENSG00000173918,C1QTNF1,54,2,35,1,74,4
9ba769b1-0b09-4acc-915d-809ad6a848d0,ENSG00000139178,C1RL,6,2,5,8,11,9
ENST00000266542.9,ENSG00000139178,C1RL,143,3,127,9,180,5
0fa462d6-121f-43be-878b-12577b07e2c3,ENSG00000166278,C2,7,3,6,5,8,9
193f2354-80be-4f0d-8815-5f26082e2529,ENSG00000166278,C2,17,2,13,6,22,8
2d01d068-7490-4fa0-b44c-47323af6b9a3,ENSG00000166278,C2,8,9,5,9,13,8
6cffba04-a655-4373-b223-55f2eebcf560,ENSG00000166278,C2,6,6,6,1,8,0
90e9cd3a-b872-48ab-b72d-1f7ae5a7d4aa,ENSG00000166278,C2,8,6,7,6,9,7
ENST00000299367.10,ENSG00000166278,C2,72,9,53,7,82,7
ENST00000418949.6,ENSG00000166278,C2,23,8,13,9,36,9
ENST00000442278.6,ENSG00000166278,C2,15,6,6,1,23,0
c341a0c6-077a-4cd4-bdd5-5706b4b97dd8,ENSG00000166278,C2,6,1,5,8,7,2
d2cbabfc-52df-4f10-90cd-95f6dd88c46e,ENSG00000166278,C2,6,0,5,7,6,2
20a25c56-233e-4163-99c1-acce90482240,ENSG00000244731,C4A,80,8,67,0,131,3
33939ffb-e0a5-4ae1-9f3c-b378585b413a,ENSG00000244731,C4A,8,6,7,0,11,8
432be962-7364-47d8-a14a-f7e4efa931e2,ENSG00000244731,C4A,13,9,9,9,14,5
47de24e0-0e89-4af9-8584-6edd9c282553,ENSG00000244731,C4A,7,5,6,0,8,6
5aa6e186-5149-4519-abcb-a00acd1903ae,ENSG00000244731,C4A,26,9,23,3,37,7
ENST00000428956.7,ENSG00000244731,C4A,24,5,7,6,28,9
bdf44883-4412-4c37-8cf7-6b6228add2f1,ENSG00000244731,C4A,6,8,5,9,8,3
211743e8-0a31-47d6-b762-120a67d07885,ENSG00000224389,C4B,179,8,103,9,215,1
2cb0acc1-2f02-473a-aa7d-8bad095d8959,ENSG00000224389,C4B,6,0,5,9,6,0
373e8cfa-78a1-47bc-b46f-67b37222a8fa,ENSG00000224389,C4B,16,7,12,1,18,4
51d09079-4416-4665-a1a5-80c62828c6b6,ENSG00000224389,C4B,7,5,6,4,11,3
64d56a57-bd4d-4ca9-adc5-5b98141ec020,ENSG00000224389,C4B,8,8,7,5,10,2
67a75d63-06d0-475a-b936-7cb9df8e7d9f,ENSG00000224389,C4B,33,1,16,9,48,6
6e356541-5c46-4594-98c2-a89d41199709,ENSG00000224389,C4B,10,2,7,8,12,6
ENST00000435363.7,ENSG00000224389,C4B,95,9,55,2,162,4
a52c0c35-bcd0-4918-a9f5-6cb08a2a5b11,ENSG00000224389,C4B,6,1,6,1,6,1
bbaccf09-b831-4ffc-b224-b081b993747b,ENSG00000224389,C4B,6,0,5,7,6,3
bd81839a-1fc9-4f29-b405-d746a2462f69,ENSG00000224389,C4B,21,6,16,5,30,8
cd4d9303-374b-467b-a7f0-d3c025d84b0d,ENSG00000224389,C4B,6,4,5,9,7,0
f461a188-ab60-4819-be86-dddc868d6bbc,ENSG00000224389,C4B,6,1,5,8,7,5
f670780b-ea0e-4ade-8a9e-3a37b660137c,ENSG00000224389,C4B,8,0,5,8,9,7
f7f1d5f9-bb69-44f1-bf68-f0837a431fe9,ENSG00000224389,C4B,15,0,12,2,16,6
582e2cf4-7547-4dae-85f6-97c3a74d13c7,ENSG00000204439,C6orf47,6,2,5,8,7,1
ENST00000587175.1,ENSG00000105298,CACTIN,6,0,5,7,8,6
35e2dffe-f289-4eb6-807f-201da170639d,ENSG00000188820,CALHM6,19,4,12,3,43,3
ENST00000461311.1,ENSG00000171735,CAMTA1,6,1,5,9,7,4
ENST00000473578.5,ENSG00000171735,CAMTA1,39,5,22,0,57,3
ENST00000476163.5,ENSG00000171735,CAMTA1,5,9,5,8,6,6
ddbd9749-87c5-4388-9fbe-b022bf9919da,ENSG00000171735,CAMTA1,5,8,5,5,6,0
ee86e7e6-3e87-46fe-b130-da54df27ec8a,ENSG00000171735,CAMTA1,12,8,11,7,13,9
d41a8e59-72bb-42e1-a762-73fce0e69a1b,ENSG00000156017,CARNMT1,14,1,11,7,27,3
ENST00000644219.1,ENSG00000147044,CASK,13,6,10,1,16,0
ENST00000304141.5,ENSG00000168497,CAVIN2,35,5,19,8,65,1
ENST00000290349.11,ENSG00000159228,CBR1,246,0,202,1,338,8
ENST00000617445.5,ENSG00000024862,CCDC28A,40,2,21,1,53,1
ENST00000455220.6,ENSG00000137500,CCDC90B,5,8,5,7,6,1
ENST00000525503.5,ENSG00000137500,CCDC90B,24,0,14,1,36,9
ENST00000529689.6,ENSG00000137500,CCDC90B,22,8,11,9,29,0
ENST00000613922.2,ENSG00000277632,CCL3,43,5,13,3,71,1
ENST00000367976.4,ENSG00000118523,CCN2,13,9,9,7,23,1
ENST00000374704.8,ENSG00000108100,CCNY,23,9,19,9,30,9
ENST00000263398.11,ENSG00000026508,CD44,22,5,12,3,32,0
ENST00000263645.10,ENSG00000110651,CD81,457,9,386,1,569,4
f0354700-10ec-40f4-8c58-b0a2fae8a09d,ENSG00000110651,CD81,7,5,6,2,8,0
ENST00000656825.1,ENSG00000070831,CDC42,75,1,57,8,83,0
7e71f9bd-e347-4376-accd-cf5708c0dd2f,ENSG00000107736,CDH23,8,6,7,1,11,7
ENST00000397588.8,ENSG00000153046,CDYL,7,5,6,6,11,5
352fd8c5-d53b-43b4-872b-60922dcc2690,ENSG00000172216,CEBPB,282,2,266,6,298,4
b8320a06-bdaf-49b4-a89b-92fc38ea61b9,ENSG00000048740,CELF2,8,6,7,5,11,6
ENST00000299572.9,ENSG00000166451,CENPN,10,7,8,4,12,3
28d99e87-71a3-4f97-9dc9-9a1424f6c69f,ENSG00000126001,CEP250,6,4,6,1,7,6
ENST00000309955.8,ENSG00000003402,CFLAR,6,6,6,4,7,6
ENST00000341222.10,ENSG00000003402,CFLAR,11,5,6,1,16,3
ENST00000423241.6,ENSG00000003402,CFLAR,6,1,6,0,9,7
ENST00000461820.5,ENSG00000003402,CFLAR,7,1,6,2,9,9
f864261c-8eba-4491-9234-1b8b445fc21d,ENSG00000003402,CFLAR,6,4,5,9,12,1
0c972351-5bf5-4c44-9bc5-2e2d8746da76,ENSG00000001626,CFTR,5,8,5,7,6,5
b92e89ca-b4a4-492b-93fa-86932f243f6d,ENSG00000255112,CHMP1B,25,5,18,7,35,6
ENST00000263856.9,ENSG00000115561,CHMP3,8,6,6,6,11,5
ENST00000409225.2,ENSG00000115561,CHMP3,15,5,11,9,18,2
ENST00000222792.11,ENSG00000106069,CHN2,29,8,18,3,36,8
80b35b82-7559-4170-aff3-ff6babb6c7dc,ENSG00000099622,CIRBP,13,3,9,7,23,1
ENST00000320936.9,ENSG00000099622,CIRBP,16,5,11,8,27,7
ENST00000586636.5,ENSG00000099622,CIRBP,7,5,5,8,13,9
f0483640-edb8-43b8-8145-3428a4cc4124,ENSG00000099622,CIRBP,13,3,9,5,14,1
a18d7a73-d16c-4ebb-b067-354f397d17c8,ENSG00000074054,CLASP1,6,6,6,2,8,0
ENST00000299339.3,ENSG00000134873,CLDN10,13,3,11,7,15,5
ENST00000304361.9,ENSG00000172322,CLEC12A,6,1,6,1,7,1
e8ff8d84-623a-4a36-b728-1912cf20ee46,ENSG00000130779,CLIP1,26,2,17,1,30,5
73036845-4f83-4c46-b101-92e3deb8ca92,ENSG00000125246,CLYBL,10,7,7,4,18,6
ENST00000339105.9,ENSG00000125246,CLYBL,37,6,29,9,52,2
f8aeeed0-c651-4ec3-b7a1-130d27cb083a,ENSG00000143786,CNIH3,6,1,6,0,6,2
ENST00000328834.10,ENSG00000182973,CNOT10,14,2,6,5,17,9
ENST00000378980.8,ENSG00000122756,CNTFR,16,0,8,6,19,9
4edec9e2-ca77-443b-a50c-19b3efead238,ENSG00000144619,CNTN4,13,9,10,7,16,2
7906f22a-2500-487d-a44c-e0c5f9a462df,ENSG00000182871,COL18A1,24,9,12,7,30,2
7b59a193-bb4a-4c9a-afb0-b83ff63f0dfb,ENSG00000182871,COL18A1,8,3,5,8,11,8
a001dc85-6996-4a42-9bfc-e97df3128605,ENSG00000182871,COL18A1,350,1,297,2,462,9
a078f3f1-8eba-44ac-b10b-46b22811123a,ENSG00000182871,COL18A1,24,7,13,9,30,1
c44501aa-c30d-4f96-843f-bf7a15bee747,ENSG00000182871,COL18A1,53,7,42,9,55,9
7ce92b8a-7ce6-4233-ac7f-bff52f26d5f5,ENSG00000130635,COL5A1,6,0,5,8,11,8
12bba640-1670-4387-be56-bf887a91704b,ENSG00000102879,CORO1A,6,7,5,8,10,6
4258c505-ff6a-4668-970f-45639567139a,ENSG00000102879,CORO1A,16,6,16,3,16,9
ENST00000219150.10,ENSG00000102879,CORO1A,16,0,12,4,23,0
0323bbae-f2dc-428b-a292-50d512e544fb,ENSG00000080618,CPB2,13,3,9,5,13,6
878546d2-b193-4a22-beb0-cc54012d8e5d,ENSG00000080618,CPB2,11,5,7,5,11,6
ENST00000181383.10,ENSG00000080618,CPB2,360,7,250,7,434,4
ENST00000439329.5,ENSG00000080618,CPB2,12,0,10,4,26,7
ENST00000675730.1,ENSG00000080618,CPB2,11,0,8,4,13,5
b194aea8-cb98-4a8e-aad2-ea446598e221,ENSG00000080618,CPB2,6,6,5,8,17,2
9ad72053-467f-4166-8e34-f5d793e0d64f,ENSG00000106066,CPVL,7,5,6,6,8,6
ENST00000265394.10,ENSG00000106066,CPVL,30,1,19,9,43,3
ENST00000396276.7,ENSG00000106066,CPVL,9,7,6,7,14,6
ENST00000452463.5,ENSG00000182158,CREB3L2,7,3,6,4,9,0
ENST00000407010.7,ENSG00000214960,CRPPA,12,9,10,8,15,1
ENST00000268184.11,ENSG00000140577,CRTC3,11,5,6,2,12,3
ENST00000255641.13,ENSG00000133275,CSNK1G2,9,8,5,9,20,0
db6d64fa-5d8e-4662-bc20-77d762eac7dc,ENSG00000133275,CSNK1G2,8,1,7,8,8,3
ENST00000340006.7,ENSG00000159176,CSRP1,66,0,52,6,72,6
ENST00000382952.8,ENSG00000159692,CTBP1,40,2,30,1,53,0
ENST00000302763.12,ENSG00000044115,CTNNA1,86,2,70,4,104,3
5b8d3244-1616-468c-b058-af58facbdce7,ENSG00000171604,CXXC5,8,0,7,1,10,6
ENST00000302517.8,ENSG00000171604,CXXC5,16,0,11,5,19,9
ENST00000511048.1,ENSG00000171604,CXXC5,6,2,6,2,6,9
9ea7df7c-5b81-4196-a25a-2d8286135bc3,ENSG00000083799,CYLD,13,7,9,0,16,7
ENST00000610745.5,ENSG00000138061,CYP1B1,11,8,10,2,15,6
921d4458-e104-4577-9302-d629f823b414,ENSG00000162365,CYP4A22,7,3,6,3,8,5
ENST00000371890.7,ENSG00000162365,CYP4A22,8,6,6,1,12,5
ENST00000371891.8,ENSG00000162365,CYP4A22,103,6,58,9,132,5
cc4d7d94-3deb-418f-ba79-e2d43403b7c2,ENSG00000162365,CYP4A22,6,1,5,9,7,8
cfec806a-cba8-4cf7-beca-fc23b29bcfd7,ENSG00000162365,CYP4A22,8,8,6,1,14,3
d59ef70d-f773-44d4-8090-155a986c1aaa,ENSG00000162365,CYP4A22,6,1,5,7,8,6
ENST00000003100.13,ENSG00000001630,CYP51A1,119,4,73,6,169,7
d81e92d0-344a-4786-a423-34f3e61128b7,ENSG00000166265,CYYR1,8,6,7,1,12,0
ENST00000264161.9,ENSG00000115866,DARS1,36,4,24,0,50,2
07e4c834-ce07-4b67-a52e-7f0103dab14a,ENSG00000166341,DCHS1,6,0,5,9,8,1
58443c3b-9094-4a87-97f7-f380784119d0,ENSG00000204843,DCTN1,5,8,5,8,6,2
6c9af930-c4d7-4bd9-a300-9ad84d6c1eb1,ENSG00000204843,DCTN1,24,2,12,9,34,7
747b17e3-1151-4d4c-b0b6-e3b8e0ff204f,ENSG00000132437,DDC,6,2,6,1,6,9
76ffe10c-6e2d-46ad-8011-765c6ddf4ec6,ENSG00000132437,DDC,17,9,16,1,27,0
f1cbd3e8-c02c-40d9-836e-52bc8dc0f4b9,ENSG00000132437,DDC,12,1,10,2,23,1
31cdca4c-061e-4aa9-9b66-f7689f1f79f6,ENSG00000013573,DDX11,10,7,8,3,11,6
054fcfe2-4670-4255-be41-fd95b3d50fb4,ENSG00000198563,DDX39B,7,3,6,3,8,5
1095695a-34e2-4e98-8c78-9a8b4013ac29,ENSG00000198563,DDX39B,6,2,5,8,8,1
933cc2d2-9488-4766-8a45-1909240041cf,ENSG00000198563,DDX39B,14,1,10,5,18,8
ENST00000396172.6,ENSG00000198563,DDX39B,11,6,9,4,12,8
ENST00000458640.5,ENSG00000198563,DDX39B,16,0,12,6,23,0
ENST00000462256.5,ENSG00000198563,DDX39B,17,6,11,1,30,0
ENST00000331314.11,ENSG00000118197,DDX59,8,6,7,5,11,5
3318b394-c634-4de2-ba71-deadbe39c678,ENSG00000170456,DENND5B,8,6,7,6,12,3
58b81b9c-4816-4d29-869a-6a89480c5673,ENSG00000170456,DENND5B,23,0,14,0,32,0
ENST00000286234.6,ENSG00000155792,DEPTOR,17,9,13,9,23,9
511ce0fb-5dc1-4d64-ba9e-a95fcea46a16,ENSG00000114956,DGUOK,7,5,6,0,11,8
ENST00000264093.9,ENSG00000114956,DGUOK,7,1,5,8,12,1
ENST00000348222.3,ENSG00000114956,DGUOK,10,5,8,0,12,6
ENST00000418996.5,ENSG00000114956,DGUOK,8,6,6,4,11,8
ENST00000629438.2,ENSG00000114956,DGUOK,9,1,6,1,12,7
ef63ccc9-757c-4514-86fe-05b9491e6995,ENSG00000114956,DGUOK,5,8,5,7,5,8
ENST00000236342.12,ENSG00000117682,DHDDS,10,1,7,6,16,1
6d6af06d-360a-490d-b92c-47dd3f8f7e87,ENSG00000147202,DIAPH2,6,4,5,9,7,3
ENST00000373049.8,ENSG00000147202,DIAPH2,11,5,7,3,13,8
27c8e432-7a0d-4a85-8601-ef8d011d2a17,ENSG00000100697,DICER1,6,6,6,1,12,4
ENST00000646789.1,ENSG00000162595,DIRAS3,11,5,8,7,12,3
ENST00000319212.9,ENSG00000166938,DIS3L,12,2,6,9,17,8
ENST00000667157.1,ENSG00000075711,DLG1,9,1,6,5,11,7
e65df9c3-4ac6-45d3-9584-a7ba56a26904,ENSG00000075711,DLG1,5,8,5,8,6,0
16be7a3a-b978-4a12-a602-8559e82f2214,ENSG00000080845,DLGAP4,10,7,9,3,12,8
ENST00000340491.8,ENSG00000080845,DLGAP4,8,6,6,2,16,0
6b83c276-e678-43e5-8d86-eab72b26c329,ENSG00000198947,DMD,16,0,11,1,20,9
ENST00000378723.7,ENSG00000198947,DMD,36,8,19,3,51,7
e19b64bf-534d-4e04-801e-e54c608f757e,ENSG00000104936,DMPK,12,3,8,9,21,9
ENST00000372950.6,ENSG00000213551,DNAJC9,12,4,6,8,16,8
4b6e5d0b-56ad-40d7-9778-438eb6e3103f,ENSG00000123992,DNPEP,10,0,8,1,17,4
958959b4-1f06-402e-9975-9227928f5ad8,ENSG00000123992,DNPEP,7,1,6,0,8,9
ENST00000273075.9,ENSG00000123992,DNPEP,18,9,13,5,22,4
ENST00000373963.5,ENSG00000123992,DNPEP,5,9,5,6,6,0
be36df7a-6693-41ce-8353-e6423e97a9f7,ENSG00000123992,DNPEP,12,3,8,8,13,6
ENST00000432829.7,ENSG00000107099,DOCK8,11,5,6,1,16,0
94af4edb-9c77-4570-9c40-f5399062c988,ENSG00000142002,DPP9,6,0,5,8,6,1
ENST00000262960.14,ENSG00000142002,DPP9,31,3,15,7,41,9
ENST00000370192.8,ENSG00000188641,DPYD,32,1,22,9,38,0
97f124dc-9ac8-4c88-9ec4-82283f58c0de,ENSG00000046604,DSG2,7,3,5,9,12,2
a03e6e2b-ce41-4f84-8c57-5913908f2eb9,ENSG00000151914,DST,17,2,13,3,29,0
cb865072-a2d4-4bb9-b596-a8852ff94b0a,ENSG00000151914,DST,9,5,6,0,13,5
ENST00000377452.4,ENSG00000125821,DTD1,13,9,9,1,22,6
ENST00000288642.12,ENSG00000138101,DTNB,5,8,5,8,9,0
ENST00000496972.6,ENSG00000138101,DTNB,7,5,6,3,11,5
76e21524-c359-4271-8d68-e4edb6d72ccf,ENSG00000128951,DUT,10,2,7,4,13,0
ENST00000331200.8,ENSG00000128951,DUT,21,4,16,5,30,2
ENST00000455976.6,ENSG00000128951,DUT,6,1,5,8,8,0
ENST00000558472.5,ENSG00000128951,DUT,23,1,12,1,37,1
ENST00000558813.5,ENSG00000128951,DUT,11,5,8,0,12,4
ENST00000396842.7,ENSG00000144597,EAF1,12,6,8,9,16,8
ENST00000415912.6,ENSG00000117298,ECE1,48,4,32,6,57,3
ENST00000377211.8,ENSG00000136160,EDNRB,41,8,29,9,59,7
ENST00000646607.2,ENSG00000136160,EDNRB,11,5,8,6,11,9
2c294cf8-fd43-4586-a517-bc83d4056a95,ENSG00000156508,EEF1A1,42,9,27,9,49,5
ENST00000309268.11,ENSG00000156508,EEF1A1,2140,7,1768,7,2615,5
ENST00000316292.13,ENSG00000156508,EEF1A1,17,4,11,5,30,7
ENST00000331523.7,ENSG00000156508,EEF1A1,11,9,8,1,14,7
ENST00000490569.6,ENSG00000156508,EEF1A1,17,8,13,4,23,0
ENST00000615060.5,ENSG00000156508,EEF1A1,12,8,11,1,16,3
ENST00000678703.1,ENSG00000156508,EEF1A1,16,7,11,0,24,5
ea8226c2-e40a-40aa-8e6e-2c0c383f1301,ENSG00000156508,EEF1A1,12,3,9,7,23,2
ENST00000371933.8,ENSG00000159658,EFCAB14,14,2,10,7,16,6
ENST00000375980.9,ENSG00000142634,EFHD2,14,8,9,4,24,5
ENST00000275493.7,ENSG00000146648,EGFR,7,7,5,7,12,2
ec8f888f-47bf-4bf0-8e5b-5f19f40d858a,ENSG00000146648,EGFR,7,1,6,3,7,8
a3a9fa4e-70ad-477c-b948-4f342d88c8d0,ENSG00000115504,EHBP1,29,5,20,4,36,2
ENST00000220325.9,ENSG00000103966,EHD4,10,4,5,8,15,7
ENST00000231887.8,ENSG00000113790,EHHADH,359,8,286,5,464,8
ENST00000379607.10,ENSG00000173674,EIF1AX,26,5,19,3,43,1
ENST00000367284.10,ENSG00000163435,ELF3,15,0,8,8,18,6
ENST00000424383.5,ENSG00000225968,ELFN1,10,0,7,6,12,2
ENST00000310758.9,ENSG00000155849,ELMO1,9,1,6,9,13,5
b48f3461-cb55-417f-b40d-a2a61184a5ee,ENSG00000049540,ELN,11,5,8,0,15,0
ENST00000477853.6,ENSG00000127463,EMC1,17,9,12,6,25,2
4cb727e5-978f-4709-a55d-b0a7f2bcc9dd,ENSG00000125746,EML2,6,2,6,0,6,4
ENST00000245925.8,ENSG00000125746,EML2,10,7,7,0,12,0
ba149520-24e5-44bd-8f95-04f4fe70adba,ENSG00000143924,EML4,15,0,6,8,17,2
ENST00000234590.10,ENSG00000074800,ENO1,262,5,195,5,295,7
ENST00000371205.5,ENSG00000138185,ENTPD1,7,1,6,5,9,6
bc1f50e0-d8f0-4fbf-91c8-a9331189cc37,ENSG00000100393,EP300,20,5,11,6,33,6
fca63466-9c4d-4cb1-bde6-18f5d214107f,ENSG00000088367,EPB41L1,19,4,12,3,28,3
1647a984-bb06-45a7-8031-cbdcf2884557,ENSG00000120616,EPC1,6,8,6,0,14,7
89f5f052-fc8d-4ef6-8be8-59fb40884299,ENSG00000146904,EPHA1,6,9,5,8,8,1
ENST00000275815.4,ENSG00000146904,EPHA1,13,3,10,8,16,7
15a18b08-eccf-4745-bb72-8598df737ad9,ENSG00000085832,EPS15,7,8,6,5,9,2
ENST00000676185.1,ENSG00000049167,ERCC8,6,8,6,1,7,6
ENST00000278927.10,ENSG00000149564,ESAM,23,2,16,0,30,7
ENST00000319397.6,ENSG00000134954,ETS1,29,3,18,6,41,9
ENST00000306376.10,ENSG00000244405,ETV5,12,8,5,9,24,4
6db0a310-2926-4b0b-b06e-59b669b22622,ENSG00000115363,EVA1A,6,0,5,7,6,3
ENST00000393913.8,ENSG00000115363,EVA1A,14,5,8,9,17,4
ENST00000452003.1,ENSG00000115363,EVA1A,34,4,24,8,42,1
ENST00000486489.1,ENSG00000115363,EVA1A,6,4,6,2,6,9
8eda26ea-6c1a-498f-932c-2d5fc26d480c,ENSG00000081177,EXD2,7,1,5,8,9,2
ENST00000376936.9,ENSG00000171824,EXOSC10,14,5,7,9,17,2
ENST00000220562.9,ENSG00000012232,EXTL3,11,9,9,9,14,3
4c89152a-9233-4481-bf25-0569e100fddd,ENSG00000092820,EZR,18,2,12,3,28,5
ENST00000375551.7,ENSG00000126218,F10,6,0,5,8,12,6
ENST00000375559.8,ENSG00000126218,F10,59,7,49,5,90,6
ENST00000409306.5,ENSG00000126218,F10,17,3,10,4,24,2
129ea3a3-a028-4a46-9298-965a9c68128b,ENSG00000088926,F11,5,8,5,8,6,0
366af2be-afce-47b1-83c6-686d77173827,ENSG00000088926,F11,13,9,8,1,20,3
52ee1357-6b22-49bd-aef3-617c924a77b4,ENSG00000088926,F11,7,5,6,0,11,0
887b77ff-0bc1-4084-8dd1-431917fa0d1c,ENSG00000088926,F11,15,0,11,8,15,5
ENST00000403665.7,ENSG00000088926,F11,18,5,17,4,26,9
e34b8647-9046-4e70-97e5-a6b9f8541ea5,ENSG00000088926,F11,10,6,7,3,11,7
ENST00000396153.7,ENSG00000185104,FAF1,23,0,18,6,25,8
0e1ea9aa-df5a-4215-88e3-5c348c129d44,ENSG00000082269,FAM135A,8,3,7,4,11,1
ENST00000508369.5,ENSG00000138640,FAM13A,6,4,6,0,7,1
cc63c3ea-d174-424c-b7a9-bb05188b5413,ENSG00000138640,FAM13A,17,2,11,8,21,6
e7d854d1-2cc4-4278-ad26-e2bd235ff199,ENSG00000031003,FAM13B,12,4,11,5,13,9
ENST00000319562.11,ENSG00000152767,FARP1,40,4,28,8,61,8
ENST00000314606.9,ENSG00000179115,FARSA,30,0,24,0,40,4
ENST00000313833.5,ENSG00000178974,FBXO34,6,4,6,1,7,3
bde7f282-cdcb-4cf7-a8e7-783ac803f24f,ENSG00000109670,FBXW7,11,9,7,3,16,3
4aefec77-4741-4747-a6a5-6dfab7ad76b0,ENSG00000136068,FLNB,62,8,51,7,79,4
ENST00000238667.9,ENSG00000119686,FLVCR2,5,7,5,5,6,2
5e5eca81-8a11-40e4-9459-ea805dfc3905,ENSG00000102081,FMR1,8,6,7,2,10,5
ENST00000492846.2,ENSG00000102081,FMR1,15,0,10,4,16,1
ENST00000687593.1,ENSG00000102081,FMR1,7,8,6,2,10,7
ENST00000264716.9,ENSG00000075426,FOSL2,11,1,8,0,14,2
ENST00000307972.10,ENSG00000137166,FOXP4,8,3,6,3,13,4
ENST00000409208.5,ENSG00000137166,FOXP4,11,3,7,8,14,2
7d357eee-bb39-4a62-a2a7-966cc9deb4af,ENSG00000150893,FREM2,11,5,9,4,13,0
57698816-bf71-4b18-b03b-3ab932b30a12,ENSG00000139926,FRMD6,7,0,5,8,9,2
1034c234-697f-44df-a27b-e087a90094a9,ENSG00000160282,FTCD,17,2,11,6,17,2
1780cd3f-1615-4430-8dbf-2102d5a66b3a,ENSG00000160282,FTCD,6,0,5,9,6,3
210faed5-671b-4e20-a80c-74e00f311777,ENSG00000160282,FTCD,9,6,7,8,11,4
277f9355-8d59-46de-a8ac-105d013f944f,ENSG00000160282,FTCD,12,4,11,1,23,6
44c48625-7848-42d5-afcd-4178b37db8b6,ENSG00000160282,FTCD,23,0,15,0,24,0
5796f506-2667-4f54-953e-5a85becafe0c,ENSG00000160282,FTCD,16,0,11,9,22,5
5ccf2362-b652-4661-ae37-4a7674717ea4,ENSG00000160282,FTCD,6,2,5,9,10,1
691f7978-bbaf-47fe-8d6a-d5d7dd4ee171,ENSG00000160282,FTCD,8,6,6,2,16,0
ENST00000291670.9,ENSG00000160282,FTCD,95,5,75,2,109,7
ENST00000397743.1,ENSG00000160282,FTCD,6,7,5,8,8,5
ENST00000397746.8,ENSG00000160282,FTCD,132,3,92,0,211,4
b3f686fc-0f0a-4425-8e45-204e2818cb01,ENSG00000160282,FTCD,11,6,8,6,15,0
bee384bb-b086-4f4a-99d8-d641a0b728eb,ENSG00000160282,FTCD,7,5,6,2,8,0
d8cedea4-1652-4c02-994a-d7e8b8355d75,ENSG00000160282,FTCD,6,0,5,9,6,1
e62a9f35-7558-4e0c-aeb0-4947052c78fd,ENSG00000160282,FTCD,6,2,6,1,6,4
1113e07e-e3b6-4c08-9f7c-367ee8030494,ENSG00000139112,GABARAPL1,7,9,5,9,13,7
ENST00000266458.10,ENSG00000139112,GABARAPL1,36,8,25,8,45,1
ENST00000585682.6,ENSG00000164125,GASK1B,19,3,7,5,23,9
37e0bae8-de10-4a3d-81da-9cbdbe5cce40,ENSG00000135968,GCC2,12,3,9,5,18,3
221174d4-0083-43d2-994d-00a18a86e9f9,ENSG00000198814,GK,6,1,5,9,6,3
ENST00000378945.7,ENSG00000198814,GK,8,3,7,1,12,6
23714e8a-8ca8-42ce-afd9-5e23dcfc9168,ENSG00000168237,GLYCTK,17,4,12,4,24,0
3d8fa47c-4b77-460b-9e4f-a37d91bf1a4d,ENSG00000168237,GLYCTK,13,6,9,4,17,6
56caa9b1-8d89-4d2f-9aca-bfcb7cfa5eed,ENSG00000168237,GLYCTK,5,5,5,4,5,6
57e703aa-4c27-42ec-85a6-22f8e3cd2bde,ENSG00000168237,GLYCTK,23,1,17,4,53,0
ENST00000436784.7,ENSG00000168237,GLYCTK,15,6,10,5,20,7
ENST00000473583.1,ENSG00000168237,GLYCTK,8,6,6,0,12,0
b8adf141-d679-4fe9-922f-58f1e575457f,ENSG00000168237,GLYCTK,11,6,10,1,14,6
ENST00000341700.7,ENSG00000156049,GNA14,10,1,6,5,13,0
b8af9053-d898-4a32-85e1-3f806a0d0c6f,ENSG00000087258,GNAO1,6,2,6,0,13,3
7a021d11-1279-4865-bfc3-445c85f0e8bf,ENSG00000087460,GNAS,16,0,12,3,17,7
ENST00000265620.11,ENSG00000087460,GNAS,202,9,172,2,214,5
ENST00000371085.8,ENSG00000087460,GNAS,75,2,43,7,92,0
ENST00000477931.5,ENSG00000087460,GNAS,7,6,6,1,10,3
ENST00000480975.5,ENSG00000087460,GNAS,17,4,12,6,23,9
ENST00000488652.6,ENSG00000087460,GNAS,13,3,9,6,15,2
ab8449fe-2f5b-4ce4-b5b2-f9e740d193e4,ENSG00000087460,GNAS,17,2,11,5,23,8
bf0a0b7f-a8fd-46b7-9af7-4a63ce87b685,ENSG00000087460,GNAS,6,2,6,1,8,4
ENST00000370982.4,ENSG00000172380,GNG12,50,7,26,6,57,4
8146f01f-2511-49f6-9226-8eed12f8d096,ENSG00000144674,GOLGA4,8,0,6,6,11,5
cfe4ee03-ed8c-4a8d-857c-68b609b2064f,ENSG00000144674,GOLGA4,12,3,10,6,16,1
ENST00000367763.8,ENSG00000120370,GORAB,12,8,10,6,16,1
67ef83b4-5945-4f5b-944a-ac567fcdb95b,ENSG00000158669,GPAT4,6,6,6,2,9,7
ENST00000396987.7,ENSG00000158669,GPAT4,11,5,6,0,13,6
ENST00000617456.1,ENSG00000183098,GPC6,27,2,17,9,31,6
b1b44e42-4ba0-4422-a81c-1790248baffb,ENSG00000089351,GRAMD1A,15,5,9,1,18,2
738741b1-4e69-4e70-8722-a26a31d6f453,ENSG00000182771,GRID1,8,6,6,2,11,8
0ac6db17-2ba4-46c4-86c6-bb9efc1da725,ENSG00000179603,GRM8,8,3,7,4,10,2
ENST00000373806.1,ENSG00000148180,GSN,13,3,10,7,22,8
ENST00000373818.8,ENSG00000148180,GSN,13,9,8,6,29,0
ENST00000432226.7,ENSG00000148180,GSN,11,5,10,1,19,8
ENST00000614986.4,ENSG00000263001,GTF2I,6,2,6,0,9,7
ENST00000620879.4,ENSG00000263001,GTF2I,8,3,6,5,16,4
d6e38a3d-a111-4598-8289-611db7d59ca1,ENSG00000115207,GTF3C2,16,0,11,6,23,1
ENST00000398806.8,ENSG00000056998,GYG2,23,2,18,2,24,6
dc01165f-786b-4e79-b0b2-f84cd13ec54a,ENSG00000184897,H1-10,141,1,118,0,162,3
c9012aa4-3b15-4283-aaaf-81c40c0fadd0,ENSG00000172534,HCFC1,11,8,8,4,16,7
ENST00000519065.6,ENSG00000196591,HDAC2,27,2,21,6,31,7
591605e8-4268-4881-8793-19b73e025141,ENSG00000048052,HDAC9,6,4,6,1,6,9
ENST00000336737.8,ENSG00000069998,HDHD5,30,1,23,1,35,8
5bbe32d3-2abd-434c-91b1-fe22590d7dec,ENSG00000155393,HEATR3,10,6,7,1,14,1
ENST00000014930.9,ENSG00000013583,HEBP1,134,6,91,9,166,8
b245d3c3-0664-48dc-8ac2-387930c43e08,ENSG00000138411,HECW2,6,0,5,9,6,5
d9216439-7a53-42be-96f4-a196900c8fd5,ENSG00000198265,HELZ,7,5,6,0,8,0
26b20346-7031-4da2-89a7-88859c96bea5,ENSG00000213614,HEXA,6,1,5,8,12,8
ENST00000268097.10,ENSG00000213614,HEXA,60,1,49,0,69,3
3321177e-8bb8-4a0e-ad76-04ffa4f9dfaa,ENSG00000167861,HID1,8,1,6,0,11,6
ENST00000337138.9,ENSG00000100644,HIF1A,20,4,12,2,30,4
ENST00000435296.2,ENSG00000135245,HILPDA,10,4,7,8,13,5
88fe63e8-6b0f-4453-85e9-16ee57f06e37,ENSG00000163349,HIPK1,15,0,10,6,17,4
ENST00000399079.7,ENSG00000179344,HLA-DQB1,11,5,6,2,17,9
ENST00000434651.7,ENSG00000179344,HLA-DQB1,67,4,45,9,92,7
9dc0c39c-cd41-4e79-bd64-1916e6b19b60,ENSG00000159267,HLCS,9,1,6,1,11,6
c997c416-fb13-4b46-be53-dbbe71605f2b,ENSG00000159267,HLCS,6,6,6,0,7,6
8932898c-9c56-422c-97b8-0161d82da248,ENSG00000071794,HLTF,14,4,8,1,19,6
ENST00000366903.8,ENSG00000136630,HLX,22,8,15,7,28,2
644cd472-a697-40aa-ac24-4d4fae963620,ENSG00000101294,HM13,9,7,6,6,13,9
79420680-99d0-434e-9796-7d6e4d929104,ENSG00000101294,HM13,6,0,5,8,6,3
ENST00000335574.10,ENSG00000101294,HM13,7,8,7,0,9,3
ENST00000340852.9,ENSG00000101294,HM13,41,8,22,5,52,0
ENST00000398174.9,ENSG00000101294,HM13,5,9,5,8,6,5
ENST00000275036.11,ENSG00000118418,HMGN3,43,1,30,8,56,2
ENST00000344726.9,ENSG00000118418,HMGN3,27,2,17,7,31,8
ENST00000620514.1,ENSG00000118418,HMGN3,10,6,7,9,12,8
1f030bdb-56da-451e-81a5-9e8d9aa8c5a5,ENSG00000105707,HPN,7,8,6,1,14,2
2d459f9e-753a-40c9-b04d-84b8e93af151,ENSG00000105707,HPN,21,9,14,3,31,2
7a7b2f2b-e7de-4269-a9e4-35a9c7739e35,ENSG00000105707,HPN,15,0,9,0,26,4
86b41c83-8021-4874-aa68-d561d87e8d27,ENSG00000105707,HPN,6,6,6,0,9,7
ENST00000672452.2,ENSG00000105707,HPN,159,3,112,8,204,1
a487a038-6a98-41a6-abf1-4d0d28d447ec,ENSG00000105707,HPN,6,2,5,8,10,1
b55fd841-2d07-4818-9d36-b30187857733,ENSG00000105707,HPN,6,8,5,9,16,9
d3392d7b-561d-48a4-8046-811d70bf0184,ENSG00000105707,HPN,8,6,7,5,11,9
e3d0677d-9082-433b-9272-5c8968b110ca,ENSG00000105707,HPN,6,2,5,9,11,5
9e2ee4c8-cd10-4912-a185-e2a321973b5b,ENSG00000119471,HSDL2,91,4,78,1,108,9
ENST00000398805.8,ENSG00000119471,HSDL3,41,8,23,9,51,7
4d32edb0-ef4c-4488-a7c8-d13dff2dab3c,ENSG00000126803,HSPA2,11,5,9,3,12,2
45430279-9ad7-46ae-b088-c5b4c38022d6,ENSG00000197386,HTT,16,0,8,8,21,6
ENST00000372430.9,ENSG00000178922,HYI,8,6,6,4,14,4
ENST00000372432.5,ENSG00000178922,HYI,16,6,11,5,23,2
ENST00000372433.5,ENSG00000178922,HYI,6,2,5,8,7,5
ENST00000372434.5,ENSG00000178922,HYI,9,7,7,5,10,7
ENST00000583037.5,ENSG00000178922,HYI,11,9,8,5,13,0
a1f4ac42-7e12-403e-8033-925ec861a6e2,ENSG00000178922,HYI,7,1,6,3,9,1
da0d1ea5-0917-4572-85d7-3021afc9c99d,ENSG00000178922,HYI,6,2,5,9,14,4
be9961c6-5155-4018-9767-becd696ef0f6,ENSG00000115738,ID2,129,8,112,7,145,0
ENST00000259874.6,ENSG00000137331,IER3,17,3,11,9,22,5
067088da-dfea-4d05-b80b-34cdd72af9bf,ENSG00000188483,IER5L,6,6,6,1,9,7
8bda335b-7c3b-4ae7-9f6d-28fc710473f2,ENSG00000096872,IFT74,6,8,6,0,12,8
ENST00000356413.5,ENSG00000089289,IGBP1,27,8,16,9,30,7
ENST00000295666.6,ENSG00000163453,IGFBP7,379,7,294,7,465,7
ENST00000409329.5,ENSG00000115594,IL1R1,7,1,6,0,8,4
ENST00000410023.6,ENSG00000115594,IL1R1,38,0,15,6,54,9
ENST00000368485.8,ENSG00000160712,IL6R,69,3,56,5,80,6
295faf3c-7be9-4880-a2b7-a71026244542,ENSG00000105135,ILVBL,11,5,8,6,13,9
67a0a3d2-c6e9-4b18-ab45-65056e10a2eb,ENSG00000105135,ILVBL,40,2,30,9,58,0
6bc4a3c6-424c-43c3-935e-c78dd4e09337,ENSG00000128908,INO80,10,0,7,7,15,6
ENST00000311234.9,ENSG00000102786,INTS6,13,9,12,3,19,3
ENST00000476666.5,ENSG00000102786,INTS6,6,2,6,1,6,6
8a73fd76-a89e-4914-b754-5eab81c50126,ENSG00000198700,IPO9,17,3,15,0,23,0
ENST00000361565.9,ENSG00000198700,IPO9,6,1,5,9,14,1
3fb76074-7932-47ad-b559-ab18646ce181,ENSG00000283154,IQCJ-SCHIP1,11,6,8,3,13,7
ENST00000262487.5,ENSG00000101230,ISM1,6,4,6,0,13,6
11d5b802-d151-4220-93fb-bd5039173466,ENSG00000078747,ITCH,8,0,6,0,21,3
04fbaffb-874a-4604-8c02-14618f1b82e5,ENSG00000129636,ITFG1,8,9,6,0,11,7
ENST00000320640.11,ENSG00000129636,ITFG1,60,3,41,5,73,0
ENST00000228799.7,ENSG00000111203,ITFG2,9,7,7,1,13,3
ENST00000545509.2,ENSG00000111203,ITFG2,6,2,6,0,7,1
ENST00000293379.9,ENSG00000161638,ITGA5,41,8,26,5,45,0
ENST00000652462.1,ENSG00000160255,ITGB2,45,1,30,7,63,8
ENST00000296181.9,ENSG00000082781,ITGB5,50,8,39,1,73,2
02897c8f-4047-4e38-b6f6-4e5095e149c1,ENSG00000055955,ITIH4,9,1,7,5,10,7
0bf7db66-553c-4336-95aa-bdf39fb3fc6c,ENSG00000055955,ITIH4,7,1,6,0,11,0
1030c917-c7e5-48cc-b8a6-1ce4c710f0ef,ENSG00000055955,ITIH4,12,3,8,6,15,0
1260d4c7-d414-40d5-890a-a5f9ae2144bf,ENSG00000055955,ITIH4,11,9,7,2,17,1
192a4543-70cf-4773-83b1-a297b0bfbe7d,ENSG00000055955,ITIH4,9,7,6,6,15,4
1f954bc3-6750-4e80-be38-a6d88d445616,ENSG00000055955,ITIH4,10,7,9,7,13,3
280643be-1774-46f1-91db-0ba5574ab0fc,ENSG00000055955,ITIH4,20,4,12,1,31,7
2c5e9f5c-c5ad-44a1-90ab-ea63cb4bde5e,ENSG00000055955,ITIH4,13,2,10,9,15,0
2d0675fa-cee3-43ba-be76-efcdef55c999,ENSG00000055955,ITIH4,8,0,6,1,9,7
2db430d0-4987-4c76-90db-d302adbe16d9,ENSG00000055955,ITIH4,8,7,5,8,12,4
3b3577d9-2137-490d-9339-09203a08441f,ENSG00000055955,ITIH4,6,0,5,7,6,1
42b74398-9ee4-44e7-8100-6ef3479a3088,ENSG00000055955,ITIH4,17,2,10,8,25,5
49ebcd3e-de1f-4a3c-a7f3-aa1929570cdc,ENSG00000055955,ITIH4,8,3,8,1,8,5
4cbd59b1-ec17-4aa3-a196-9d6a20db30b7,ENSG00000055955,ITIH4,7,9,6,0,11,6
5dadd69d-076b-4de8-8ce7-69abaac32f8d,ENSG00000055955,ITIH4,8,0,6,2,16,6
7714985c-6b78-4216-b4ce-0cbfd16b22ae,ENSG00000055955,ITIH4,6,6,6,2,7,1
7caf2a29-5934-44ad-b44c-1146483ada55,ENSG00000055955,ITIH4,12,9,7,6,16,4
92e4db6b-c1c4-42aa-b19d-d5a05da05b10,ENSG00000055955,ITIH4,6,0,5,9,6,1
945780f9-735d-455a-b730-3acc34a66c32,ENSG00000055955,ITIH4,6,4,5,9,7,3
9a2444e3-5fa7-4d44-924d-3b3088f02d39,ENSG00000055955,ITIH4,6,2,6,1,7,5
9fdaa428-3e30-4af9-8cee-1f5e6e438289,ENSG00000055955,ITIH4,6,0,5,8,6,8
ENST00000266041.9,ENSG00000055955,ITIH4,338,2,257,2,381,9
ENST00000406595.5,ENSG00000055955,ITIH4,281,4,201,1,292,7
ENST00000485816.5,ENSG00000055955,ITIH4,49,0,37,3,69,7
ENST00000491663.5,ENSG00000055955,ITIH4,8,3,5,9,14,9
a6773c9b-7dc5-44dd-b64e-a0371aea6e74,ENSG00000055955,ITIH4,6,1,6,1,8,9
b7de4da3-3831-40f2-9dd1-2f7a080b0af0,ENSG00000055955,ITIH4,6,6,6,3,11,9
bc2592e1-2087-4151-8698-2ac9d3a3875b,ENSG00000055955,ITIH4,12,2,7,2,15,2
c20b6602-88d4-457e-8f9c-153838d002cb,ENSG00000055955,ITIH4,7,4,6,0,18,2
cae05e22-ff40-473d-ad6b-a9d138fe401f,ENSG00000055955,ITIH4,8,0,6,9,13,2
da7901f8-0938-4aa6-a128-193a10abc4c8,ENSG00000055955,ITIH4,9,7,6,1,13,4
df1440ac-a78d-4217-99cf-cce051e61d5b,ENSG00000055955,ITIH4,16,0,16,0,16,0
f4c22e42-d8cf-47a6-8905-6ec975d89855,ENSG00000055955,ITIH4,18,3,13,0,24,9
f711b1f9-a2a1-4bdc-b422-9857294a3e9e,ENSG00000055955,ITIH4,7,6,6,5,9,3
ENST00000267615.11,ENSG00000100605,ITPK1,39,7,28,5,47,5
ENST00000337478.3,ENSG00000148841,ITPRIP,15,1,10,2,24,2
703b0ebc-665c-4ceb-8e29-ed04a1ea50d9,ENSG00000176049,JAKMIP2,11,5,6,6,16,0
856cee2f-2d6f-4bd4-abd1-e85fd142a31e,ENSG00000176049,JAKMIP2,10,7,8,3,11,1
ENST00000283928.10,ENSG00000153814,JAZF1,13,2,10,8,19,8
ENST00000437176.5,ENSG00000140044,JDP2,13,9,8,6,18,4
ENST00000558068.1,ENSG00000140044,JDP2,18,1,12,1,24,0
1aedf87c-f33c-40f6-ab14-2c87fa3e66eb,ENSG00000171988,JMJD1C,21,9,14,4,29,8
ENST00000400798.6,ENSG00000189337,KAZN,11,9,5,8,13,9
ENST00000480683.2,ENSG00000156113,KCNMA1,7,9,6,1,10,3
a87f9841-7a18-47d9-a077-6c6109fee416,ENSG00000156113,KCNMA1,16,1,7,7,17,8
6d726a6b-ed52-482e-9cd5-0c21f47660cc,ENSG00000188997,KCTD21,15,0,12,3,21,8
a94a0d8a-55d0-4464-8f47-e7484996239e,ENSG00000066135,KDM4A,14,1,12,0,17,0
ENST00000320785.10,ENSG00000129250,KIF1C,26,2,18,8,30,5
ENST00000619189.5,ENSG00000088970,KIZ,7,1,5,9,15,4
ff0940b0-75b7-4911-ad8c-31493829466b,ENSG00000088970,KIZ,6,1,5,8,6,6
88717677-bede-476f-963a-000963aa9cde,ENSG00000174996,KLC2,6,6,5,8,9,7
ENST00000479388.5,ENSG00000137171,KLC4,6,6,6,4,9,4
cc535a3d-2e16-4bc2-bf61-6c993407d9c8,ENSG00000137171,KLC4,11,5,8,1,17,4
ENST00000261438.10,ENSG00000109787,KLF3,12,0,6,9,14,6
1067ec6e-9895-4243-a665-5413925b945a,ENSG00000118058,KMT2A,5,8,5,8,9,0
ENST00000331817.6,ENSG00000135480,KRT7,8,6,5,8,19,3
91997dde-43cb-4ab6-ab29-8286f2279e0d,ENSG00000198910,L1CAM,6,0,5,7,7,0
ENST00000216237.10,ENSG00000100395,L3MBTL2,12,9,10,2,17,5
ENST00000317931.12,ENSG00000154655,L3MBTL4,17,2,8,0,18,4
ENST00000276590.5-1,ENSG00000147592,LACTB2,67,7,52,8,94,0
c1d7e420-f2a6-40e5-911d-15ec545550b8,ENSG00000112769,LAMA4,9,7,6,3,12,3
ENST00000258341.5,ENSG00000135862,LAMC1,11,6,7,1,16,7
ENST00000256644.8,ENSG00000134248,LAMTOR5,105,1,84,2,127,7
ENST00000443314.5,ENSG00000115365,LANCL1,16,0,7,1,22,8
ENST00000397394.8,ENSG00000133424,LARGE1,13,6,11,3,16,3
ENST00000645846.2,ENSG00000011376,LARS2,11,9,11,5,16,6
ENST00000382592.5,ENSG00000150457,LATS2,10,2,6,5,12,7
1e11cae1-c57f-46ee-bb1d-28ad4ba4e3f3,ENSG00000205629,LCMT1,13,3,6,9,16,6
97ed828a-f41f-436d-a3b1-f411385b46c7,ENSG00000167615,LENG8,15,1,11,7,25,5
fa991358-98ff-4d13-83eb-d063af58b3bb,ENSG00000167615,LENG8,6,2,5,8,7,5
00a2e96d-299d-4748-b5dc-8e7134b73791,ENSG00000116977,LGALS8,7,5,6,3,11,8
2a8b4d7c-3703-42a7-bef5-87a6e56aad88,ENSG00000116977,LGALS8,18,5,13,9,30,0
437703a0-072a-4c23-85df-fcc2906a2af0,ENSG00000116977,LGALS8,8,0,7,0,11,5
ENST00000379214.9,ENSG00000205213,LGR4,83,6,44,7,115,7
862a272e-ed8a-4ad8-888f-d4324f3f3f3c,ENSG00000113594,LIFR,16,1,14,2,18,0
5debf3f5-96e6-476b-886e-f3c1ea8c1f1f,ENSG00000104972,LILRB1,8,6,7,1,11,5
d3d64a60-b633-4ea9-b6fc-b837cc712abd,ENSG00000104972,LILRB1,5,9,5,8,6,0
ENST00000338045.7,ENSG00000169756,LIMS1,24,5,15,0,32,0
74c9c7dd-2323-45a7-a4ea-49bbab625a78,ENSG00000166035,LIPC,5,9,5,6,6,4
ENST00000356113.10,ENSG00000166035,LIPC,17,3,12,9,24,3
ENST00000604000.4,ENSG00000271601,LIX1L,6,4,5,8,7,9
ENST00000157600.8,ENSG00000071282,LMCD1,7,5,6,1,8,6
ENST00000568897.5,ENSG00000103227,LMF1,9,7,8,0,17,4
0eeefde8-f41a-40a7-8403-16b244ced215,ENSG00000185522,LMNTD2,7,4,6,1,12,1
ENST00000329451.8,ENSG00000185522,LMNTD2,6,0,5,8,6,5
ddb686e1-f55f-439b-bf04-582186a93364,ENSG00000136153,LMO7,22,5,12,4,30,0
ENST00000263925.8,ENSG00000072201,LNX1,6,6,6,0,11,6
ENST00000261921.8,ENSG00000129038,LOXL1,5,9,5,8,6,4
e3998df1-75ce-4904-b2cb-364ab28d35e1,ENSG00000145012,LPP,6,0,5,9,6,3
545e2514-3240-476b-a515-bf931a70f5ef,ENSG00000123384,LRP1,53,7,42,6,69,2
c0e4ed31-9c74-4e27-91e4-8a50231ca03a,ENSG00000123384,LRP1,21,2,13,0,38,5
c9457dbf-8cde-463b-98fd-281400a725b0,ENSG00000123384,LRP1,11,5,9,9,12,7
ENST00000395905.8,ENSG00000163827,LRRC2,10,6,7,4,13,0
ENST00000319264.4,ENSG00000153714,LURAP1L,46,4,15,0,53,7
ENST00000230568.5,ENSG00000112799,LY86,12,3,6,9,15,6
ENST00000366927.3,ENSG00000143353,LYPLAL1,9,5,6,9,11,8
ENST00000366928.10,ENSG00000143353,LYPLAL1,19,2,16,0,28,8
ENST00000460522.5,ENSG00000143353,LYPLAL1,15,6,12,0,21,5
4b0ac363-3b8c-46fb-a753-29ee60422b8e,ENSG00000143669,LYST,8,3,6,1,11,6
4b11dd51-d548-41c5-bd9a-87c31b05e1ee,ENSG00000143669,LYST,5,8,5,7,6,0
29cfe36f-b577-4329-98b6-d3b434c6a53d,ENSG00000110514,MADD,6,2,5,8,6,9
b80152c0-7aad-4d07-8666-f3d786390a10,ENSG00000110514,MADD,6,0,5,8,6,5
ENST00000614891.5,ENSG00000147676,MAL2,16,9,11,8,23,7
b79dbeca-f029-49a7-84cb-dec183f4ce48,ENSG00000147676,MAL2,6,6,6,2,7,1
8dcf869b-88f0-40c2-8abc-b2e7ac6ff08c,ENSG00000172175,MALT1,6,2,5,9,17,7
f2d103a6-6e3c-4a98-bbb7-285ca6609e10,ENSG00000172175,MALT1,6,1,5,9,7,1
ENST00000376926.8,ENSG00000006062,MAP3K14,9,1,7,1,11,3
ENST00000375213.8,ENSG00000091436,MAP3K20,8,0,6,2,12,7
ENST00000366920.6,ENSG00000085511,MAP3K4,10,6,5,9,13,0
df8d138e-ad49-45e4-b2cb-de441b219703,ENSG00000197442,MAP3K5,12,8,9,2,23,2
ENST00000396857.7,ENSG00000104814,MAP4K1,13,8,10,2,18,6
6b6d3ceb-b350-4689-9b5c-f94d0bc5eef1,ENSG00000084764,MAPRE3,6,1,5,8,8,0
ENST00000233121.7,ENSG00000084764,MAPRE3,12,7,7,5,16,4
9432216b-a2ff-4614-95d5-fc5d643e0687,ENSG00000069020,MAST4,7,4,6,0,9,4
a32922f1-ca97-44c0-9ad7-f60ff3bdc189,ENSG00000152601,MBNL1,36,5,27,7,46,7
ENST00000265594.9,ENSG00000078070,MCCC1,18,4,17,2,22,5
cba99f68-b44b-4f1f-99a8-a8b07e13787a,ENSG00000078070,MCCC1,9,1,6,4,11,4
349766b0-cefc-48d8-85e5-4d11dc3186bf,ENSG00000160294,MCM3AP,21,1,15,1,29,2
ENST00000291688.6,ENSG00000160294,MCM3AP,6,2,6,1,14,5
df5bcb24-80b7-4b35-97f6-67b0806cd1c5,ENSG00000147316,MCPH1,6,4,6,0,6,9
c7e6b7e3-ef95-4761-8c60-4562193aa6c6,ENSG00000175471,MCTP1,10,0,6,1,14,8
7d752c6e-b2a9-48e9-830d-b7d0c4cc9067,ENSG00000137337,MDC1,7,8,6,1,9,1
96816d6f-d0cb-40ec-87b3-cd66068f5107,ENSG00000112159,MDN1,10,0,7,5,12,2
96d993c1-682e-4e84-8cc8-8dd543c8a798,ENSG00000112159,MDN1,6,2,5,7,6,6
47d3700f-0b7e-4c30-a150-22fbd197691c,ENSG00000136146,MED4,8,6,6,2,11,1
5701a24a-3638-42e3-ba5e-95ef7540a22c,ENSG00000136146,MED4,24,4,16,3,33,6
ENST00000372457.9,ENSG00000159479,MED8,33,1,19,3,42,7
c2440318-a5f5-418b-a379-634737afa67b,ENSG00000081189,MEF2C,6,7,5,8,11,9
1ddead12-11be-4a94-b206-225d2383d42e,ENSG00000150527,MIA2,12,4,6,2,17,3
ENST00000557038.5,ENSG00000150527,MIA2,24,6,18,8,30,5
ff20ec95-f361-4709-a701-242e5f89687e,ENSG00000150527,MIA2,9,1,7,8,14,4
ENST00000336949.7,ENSG00000165175,MID1IP1,23,1,18,4,30,9
ENST00000215754.8,ENSG00000240972,MIF,780,6,549,5,1026,9
ENST00000290130.4,ENSG00000159055,MIS18A,7,8,6,9,11,0
b3056d24-474d-4bb0-acef-e934c811e85c,ENSG00000128585,MKLN1,9,1,7,2,12,2
2fc8fef5-ef01-4072-8d95-3b8dce0e7e61,ENSG00000079277,MKNK1,13,7,10,9,16,7
4f4d9b13-4767-4192-940f-00363fd65876,ENSG00000146147,MLIP,10,1,8,3,12,2
6356dc26-4b4f-4362-9a45-2b0fe9430872,ENSG00000146147,MLIP,17,4,13,9,24,0
99e5f95d-d94f-49f1-80b9-22920b44d135,ENSG00000146147,MLIP,13,1,10,9,14,2
c57c0f15-be72-41e8-b474-569257d01d53,ENSG00000146147,MLIP,12,3,11,5,17,2
ENST00000462745.5,ENSG00000196549,MME,46,1,29,3,53,4
ENST00000219070.9,ENSG00000087245,MMP2,6,6,6,1,11,5
ENST00000372330.3,ENSG00000100985,MMP9,6,0,5,8,6,6
188577af-9770-4c95-b497-433ac7e06600,ENSG00000133422,MORC2,6,6,6,0,9,7
ef0129cd-17c9-4054-9686-337448c72a37,ENSG00000133422,MORC2,8,0,5,8,9,7
ENST00000360458.5,ENSG00000123562,MORF4L2,7,1,6,1,9,4
ENST00000418819.5,ENSG00000123562,MORF4L2,5,9,5,8,6,0
ENST00000433176.6,ENSG00000123562,MORF4L2,8,1,7,1,10,8
ENST00000441076.7,ENSG00000123562,MORF4L2,6,6,6,0,11,6
ENST00000498064.1,ENSG00000123562,MORF4L2,17,2,13,9,23,1
8f6db718-5c1a-4c75-9cef-8180e3f77b2f,ENSG00000133030,MPRIP,6,4,6,1,8,1
ENST00000341712.8,ENSG00000133030,MPRIP,13,9,8,6,24,0
ENST00000395807.2,ENSG00000133030,MPRIP,6,0,5,8,7,3
ENST00000309099.7,ENSG00000172935,MRGPRF,8,6,6,2,11,6
03709e92-1db0-4b38-86bb-e4c4f3297a28,ENSG00000214026,MRPL23,12,3,9,5,14,2
ENST00000397298.8,ENSG00000214026,MRPL23,62,7,46,4,92,3
ENST00000372940.3,ENSG00000182180,MRPS16,6,0,5,6,6,5
ENST00000372945.8,ENSG00000182180,MRPS16,52,8,35,8,57,2
ENST00000258455.8,ENSG00000135972,MRPS9,21,2,16,5,35,5
29eca356-3e3e-49e4-9b73-9ac9c55abfa2,ENSG00000196588,MRTFA,8,1,6,3,11,0
ENST00000325509.5,ENSG00000178860,MSC,7,3,6,3,8,1
21d7ded9-944d-487f-b60b-f08ee5642d98,ENSG00000005810,MYCBP2,6,6,6,2,7,8
ba54660b-4c11-418f-a3cd-1e161a09eceb,ENSG00000005810,MYCBP2,12,4,11,5,16,6
ENST00000372816.3,ENSG00000116990,MYCL,12,3,8,0,17,4
ENST00000267103.10,ENSG00000139637,MYG1,22,6,17,2,31,7
eea388e6-3188-4bab-bd83-0b14d5baac58,ENSG00000139637,MYG1,8,9,7,5,10,2
ENST00000217652.8,ENSG00000101608,MYL12A,163,6,148,3,192,5
ENST00000579226.5,ENSG00000101608,MYL12A,7,3,6,1,10,1
ENST00000237500.10,ENSG00000118680,MYL12B,278,0,205,8,336,8
ad522c72-db08-43c4-aa75-3923f7049c75,ENSG00000196465,MYL6B,17,9,16,0,24,5
ENST00000685021.1,ENSG00000065534,MYLK,40,8,27,0,50,0
2057e96e-1ef5-47c5-90d0-01c2e47fc4a5,ENSG00000041515,MYO16,18,5,18,6,18,6
2e9477d3-d65c-4b59-adaa-ca40cd418eb3,ENSG00000128641,MYO1B,11,6,5,8,15,0
7d78a1c8-020f-42f6-9cc7-c865a9872637,ENSG00000128641,MYO1B,5,8,5,7,12,3
ce94e232-a3f9-4a2a-bf60-5217278274dc,ENSG00000128641,MYO1B,18,6,13,0,27,4
517d36b1-0066-46a9-9a89-57a0103bd8de,ENSG00000152620,NADK2,14,5,7,0,17,4
5f8c349d-b473-4780-88ed-99eb40d6f695,ENSG00000152620,NADK2,6,2,5,9,8,2
ENST00000381937.9,ENSG00000152620,NADK2,25,5,11,4,34,5
fe159fad-0103-4d09-9907-69e950e9d5a5,ENSG00000166833,NAV2,6,2,6,0,8,1
e564d788-b63c-46ca-b745-355b5943fcfb,ENSG00000149294,NCAM1,8,0,5,8,8,6
442128dd-55dc-465c-a811-a2265e6ca52c,ENSG00000114503,NCBP2,10,4,7,0,16,8
ENST00000321256.10,ENSG00000114503,NCBP2,12,3,6,0,23,1
ENST00000248899.11,ENSG00000100365,NCF4,7,8,6,1,10,8
98e9eff8-2ac3-45f7-bc62-fc7f23798f17,ENSG00000176771,NCKAP5,6,0,5,8,7,5
ENST00000218652.12,ENSG00000102471,NDFIP2,17,4,15,0,19,3
9b209c4c-244d-4768-842f-726dea91b803,ENSG00000070614,NDST1,41,2,34,0,46,1
ENST00000247866.9,ENSG00000090266,NDUFB2,220,7,188,5,286,5
ENST00000471136.5,ENSG00000090266,NDUFB2,8,0,6,9,10,2
33de15ea-b5e9-4c2e-9591-37c51e060c67,ENSG00000178127,NDUFV2,18,4,14,6,22,8
ENST00000318388.11,ENSG00000178127,NDUFV2,395,3,368,6,455,7
ENST00000485303.6,ENSG00000177707,NECTIN3,8,0,6,1,9,7
ENST00000314400.10,ENSG00000163608,NEPRO,6,4,6,1,7,1
ENST00000474311.1,ENSG00000163608,NEPRO,8,6,8,0,9,7
015a913d-0a7c-4934-ada8-308489a3c467,ENSG00000162614,NEXN,9,7,7,8,13,4
23848a97-35c9-466d-8667-cccc3272ef5b,ENSG00000066136,NFYC,8,6,6,3,11,3
ENST00000447388.8,ENSG00000066136,NFYC,12,3,11,5,15,7
ENST00000172229.8,ENSG00000064300,NGFR,28,9,22,7,38,3
ENST00000285814.9,ENSG00000155438,NIFK,16,0,11,6,18,4
200fceae-e013-445d-bab1-49689d1a76b3,ENSG00000114857,NKTR,23,2,17,3,30,0
be1eea5e-3009-4543-8058-eeefa5dfaf07,ENSG00000087269,NOP14,20,9,15,6,28,4
ENST00000246802.10,ENSG00000105373,NOP53,160,1,119,9,200,4
2d71ef09-05ab-46b6-8357-5f0d1e64d644,ENSG00000113971,NPHP3,13,3,7,5,15,0
ENST00000394166.8,ENSG00000185551,NR2F2,30,6,28,7,46,4
ENST00000379671.7,ENSG00000134986,NREP,26,9,15,2,33,8
ENST00000507742.5,ENSG00000134986,NREP,6,0,5,9,6,1
ENST00000405315.9,ENSG00000104805,NUCB1,49,0,37,1,58,0
ENST00000254998.3,ENSG00000132661,NXT1,13,9,5,8,17,2
0791416a-8002-418b-b235-93d64dbc32ec,ENSG00000109180,OCIAD1,6,0,5,7,6,5
32bffca6-6fc9-42cc-9825-518fabfa078b,ENSG00000109180,OCIAD1,11,8,6,3,16,9
6595b6de-3348-405a-b6ee-6dc6022ad403,ENSG00000109180,OCIAD1,10,7,7,1,15,4
ENST00000264312.12,ENSG00000109180,OCIAD1,45,1,36,8,53,0
ENST00000381473.7,ENSG00000109180,OCIAD1,16,1,9,0,18,1
ef238f2b-2ce0-42f5-8fcc-923e9f3888d9,ENSG00000136811,ODF2,13,3,9,3,14,1
fec7bf04-170b-4492-a930-85315c5e087a,ENSG00000136811,ODF2,6,6,5,8,14,2
ENST00000193322.8,ENSG00000081087,OSTM1,17,2,11,9,24,0
ENST00000492130.1,ENSG00000081087,OSTM1,7,8,6,5,11,0
ENST00000449762.6,ENSG00000164830,OXR1,6,6,6,4,7,3
b9efa54c-8c2a-42d3-96c5-51c3c398e1d0,ENSG00000164830,OXR1,7,8,6,9,8,5
ENST00000319332.10,ENSG00000090530,P3H2,8,6,7,1,14,5
ENST00000360568.8,ENSG00000072682,P4HA2,8,1,6,3,13,4
ENST00000372857.7,ENSG00000090621,PABPC4,17,2,11,0,17,9
ENST00000372858.8,ENSG00000090621,PABPC4,15,0,11,6,19,3
ENST00000611387.1,ENSG00000112530,PACRG,6,0,5,8,7,2
6d819127-d1d5-4281-a998-66336c113556,ENSG00000152782,PANK1,11,6,9,7,11,9
ENST00000307534.10,ENSG00000152782,PANK1,6,4,5,8,14,9
ENST00000342512.3,ENSG00000152782,PANK1,13,3,7,4,22,8
ENST00000316562.9,ENSG00000125779,PANK2,16,6,11,7,19,8
ENST00000353265.8,ENSG00000178184,PARD6G,10,1,8,1,12,2
dbb09a43-03e8-40e5-a536-caebac1d7c5d,ENSG00000111224,PARP11,8,0,6,2,13,9
3b8f7992-a78d-4719-b5ce-f2ac15704e7b,ENSG00000159086,PAXBP1,5,7,5,5,5,9
ENST00000466846.5,ENSG00000159086,PAXBP1,12,6,9,1,15,2
ENST00000397192.5,ENSG00000157212,PAXIP1,15,0,11,6,17,2
ENST00000376279.7,ENSG00000175198,PCCA,8,3,5,8,11,4
ENST00000376285.6,ENSG00000175198,PCCA,48,3,35,8,55,8
0d5453ed-b7c0-487e-bb45-27022a548f7a,ENSG00000179715,PCED1B,8,0,6,1,14,0
41a30414-034c-4cac-b032-9a240b59fd3a,ENSG00000165494,PCF11,6,4,6,1,10,4
ab43e33b-bb82-443c-837e-7600f4dc7017,ENSG00000165494,PCF11,15,0,11,9,16,6
6e30613a-ea41-47d3-80e6-27381d5a4182,ENSG00000106333,PCOLCE,6,1,5,8,7,2
74b6e6ee-5858-477a-b3cb-e9d3d93d103c,ENSG00000106333,PCOLCE,7,1,6,0,7,9
ENST00000223061.6,ENSG00000106333,PCOLCE,28,7,24,5,37,1
ENST00000331826.12,ENSG00000140479,PCSK6,6,1,5,8,7,2
ENST00000611716.5,ENSG00000140479,PCSK6,124,2,97,5,160,8
ENST00000615296.4,ENSG00000140479,PCSK6,8,0,6,1,9,7
ENST00000618548.4,ENSG00000140479,PCSK6,12,3,7,4,15,0
ENST00000444035.6,ENSG00000186642,PDE2A,11,6,8,6,24,0
ENST00000371045.9,ENSG00000184588,PDE4B,9,5,6,1,13,4
ENST00000291539.11,ENSG00000160191,PDE9A,6,2,6,0,6,6
1b239cdc-beb8-4822-b140-71676766e2f9,ENSG00000004799,PDK4,8,3,7,6,12,1
3bd225c7-f531-42fd-81d6-8fa248fc0e29,ENSG00000004799,PDK4,6,2,5,9,6,3
83ea9ce3-508a-45c7-8658-e43818649591,ENSG00000004799,PDK4,5,9,5,8,6,1
ENST00000005178.6,ENSG00000004799,PDK4,97,6,47,8,136,0
fb0a98fc-5864-408c-8688-abb361121cb7,ENSG00000004799,PDK4,8,8,8,4,9,2
ENST00000355572.6,ENSG00000196923,PDLIM7,6,2,6,0,10,6
ENST00000355841.7,ENSG00000196923,PDLIM7,11,5,7,8,15,2
ENST00000373703.5,ENSG00000162517,PEF1,12,3,7,5,17,9
e4937358-e163-48b0-8316-0be5f8d5c257,ENSG00000162517,PEF1,6,6,6,2,7,3
ENST00000239940.12,ENSG00000070087,PFN2,8,1,7,1,9,8
ENST00000452853.6,ENSG00000070087,PFN2,6,8,6,0,11,2
ENST00000396396.6,ENSG00000154330,PGM5,8,0,6,1,16,0
09372248-fdda-4ee9-845b-607ad0025b79,ENSG00000134686,PHC2,9,7,7,6,12,0
ENST00000373418.7,ENSG00000134686,PHC2,17,5,7,4,23,4
ENST00000379942.5,ENSG00000044446,PHKA2,28,7,19,3,36,8
ENST00000266671.10,ENSG00000139289,PHLDA1,22,5,9,8,24,9
7c54b293-ca61-4127-8217-9f64d8248fc8,ENSG00000165282,PIGO,11,6,11,1,15,4
074d5f84-8974-4c9f-b129-36f808b21af2,ENSG00000171608,PIK3CD,11,5,6,7,12,2
4cb25022-6512-47a6-90fe-38e2531d71a4,ENSG00000065243,PKN2,21,2,15,7,23,5
66880936-3b38-48f7-811a-88fe17156ec0,ENSG00000144283,PKP4,16,0,13,2,20,5
e588e5f0-2e51-47eb-bc01-dc995c207cbd,ENSG00000144283,PKP4,11,9,7,3,19,9
1a6f8280-fa8c-410d-b650-e83fab197dcb,ENSG00000105499,PLA2G4C,6,0,5,7,8,8
ENST00000240617.10,ENSG00000121316,PLBD1,5,8,5,8,10,7
daa526e6-d69c-4e7e-b2ec-581a928e6f10,ENSG00000137841,PLCB2,8,6,6,2,19,9
ENST00000685551.1,ENSG00000124181,PLCG1,8,4,5,9,16,3
ENST00000615277.5,ENSG00000154822,PLCL2,10,1,8,1,11,8
f59217a6-a865-4026-866b-0b5be347e961,ENSG00000154822,PLCL2,12,3,11,5,17,3
ENST00000474484.1,ENSG00000240891,PLCXD2,29,4,21,6,31,6
53f93994-dc4c-4e81-b863-b83f331bfae8,ENSG00000120756,PLS1,16,8,8,0,34,9
165e2efd-1e97-4e98-8b30-01f7d813ef78,ENSG00000102024,PLS3,10,6,7,1,14,2
ENST00000355899.8,ENSG00000102024,PLS3,28,4,18,7,35,4
8cb39368-6627-408b-a006-ad4212f7085a,ENSG00000128513,POT1,10,6,6,9,13,5
ENST00000306442.5,ENSG00000168938,PPIC,20,7,12,1,29,2
4654464d-3f5b-4db4-bcb4-a1c467830b16,ENSG00000058272,PPP1R12A,11,5,6,6,13,9
ENST00000367188.5,ENSG00000158615,PPP1R15B,12,4,6,1,16,0
f0a0b525-94d1-48ba-ba49-d0ba6816efcc,ENSG00000196422,PPP1R26,11,5,10,3,14,0
ENST00000292330.3,ENSG00000160813,PPP1R35,13,9,8,8,22,9
ENST00000491407.1,ENSG00000160813,PPP1R35,9,1,6,9,13,9
ENST00000394829.6,ENSG00000107758,PPP3CB,9,5,7,6,11,4
ad5efe46-0852-406b-89ce-a3fe49d1a11d,ENSG00000107758,PPP3CB,7,2,5,8,11,4
ENST00000400555.7,ENSG00000154845,PPP4R1,15,5,11,3,25,5
ENST00000340385.6,ENSG00000117592,PRDX6,426,9,346,9,505,2
cc463ae0-b22d-4f4a-9e47-0bcb99bd61ee,ENSG00000117592,PRDX6,112,1,91,7,131,0
02284360-a9c9-46e2-bcc4-e8c63aff41be,ENSG00000163637,PRICKLE2,6,1,5,8,8,0
ENST00000548065.7,ENSG00000181929,PRKAG1,24,0,21,3,34,4
ENST00000537384.6,ENSG00000188191,PRKAR1B,8,6,6,1,15,7
ENST00000454963.5,ENSG00000114302,PRKAR2A,6,2,6,1,7,4
ENST00000265717.5,ENSG00000005249,PRKAR2B,9,8,7,6,15,9
3af1836e-f275-495a-9da9-038d066fd6b4,ENSG00000154229,PRKCA,7,5,6,1,8,0
3abf68be-4523-4dcb-ad21-01575b9a4673,ENSG00000171132,PRKCE,17,2,10,5,23,4
ENST00000394874.1,ENSG00000171132,PRKCE,7,5,6,3,10,6
ENST00000332981.11,ENSG00000027075,PRKCH,12,4,9,1,26,9
ENST00000378567.8,ENSG00000067606,PRKCZ,12,4,9,7,17,4
ENST00000262848.6,ENSG00000183943,PRKX,12,4,10,8,13,7
ENST00000324366.13,ENSG00000100462,PRMT5,6,6,6,0,16,0
ENST00000277570.10,ENSG00000148426,PROSER2,28,2,17,9,36,6
ENST00000321030.9,ENSG00000105618,PRPF31,26,7,17,4,35,9
c4f9927f-dd19-434b-9a5b-88874002362c,ENSG00000105618,PRPF31,6,2,6,2,6,9
ENST00000295901.9,ENSG00000163636,PSMD6,18,6,11,6,29,3
ENST00000492933.5,ENSG00000163636,PSMD6,6,6,6,2,7,6
ENST00000338961.11,ENSG00000148334,PTGES2,27,9,19,2,46,7
ENST00000599732.5,ENSG00000104960,PTOV1,61,6,44,2,73,7
ENST00000601675.5,ENSG00000104960,PTOV1,14,1,6,6,15,8
af2bf410-d492-4c63-bc82-2ac4fa51d616,ENSG00000144724,PTPRG,11,6,6,6,13,9
b9023ca6-87b4-41d0-a0eb-4c414c090564,ENSG00000149177,PTPRJ,15,0,10,8,16,5
ENST00000368226.9,ENSG00000152894,PTPRK,41,8,34,4,51,1
396557bd-4377-4924-a8a3-14103b12baf0,ENSG00000155093,PTPRN2,9,2,5,9,16,0
ENST00000247470.10,ENSG00000103490,PYCARD,30,9,16,0,43,1
ENST00000350605.4,ENSG00000103490,PYCARD,5,9,5,8,6,1
55518227-b260-489b-867e-8c5584eba41b,ENSG00000108774,RAB5C,6,0,5,8,6,3
ENST00000346213.9,ENSG00000108774,RAB5C,95,5,74,2,115,5
74501034-6a39-48a1-9bd5-eb9f5a83923c,ENSG00000152061,RABGAP1L,9,7,5,8,11,6
ENST00000297338.7,ENSG00000164754,RAD21,43,9,40,5,53,9
e412ab84-6d61-46fb-a345-c59bc95d752f,ENSG00000108557,RAI1,6,2,6,2,9,7
ENST00000253796.10,ENSG00000131477,RAMP2,23,9,17,3,34,4
ENST00000588576.1,ENSG00000131477,RAMP2,5,8,5,6,5,9
ENST00000342983.6,ENSG00000123728,RAP2C,11,6,7,9,12,2
cfef821b-5283-48a4-a655-ad9e87ae0a52,ENSG00000091428,RAPGEF4,23,2,19,3,30,0
b5bede69-8e7c-412a-b985-328184760556,ENSG00000113319,RASGRF2,8,8,6,6,12,4
f4eb8f1e-3461-409b-b294-f2e05de5ab58,ENSG00000123094,RASSF8,6,8,6,1,13,1
9f695a72-b384-4316-a2b9-73aab84f3f83,ENSG00000119707,RBM25,17,9,9,7,30,1
b1063813-9936-4059-95d1-5648dc1fdfb8,ENSG00000139746,RBM26,6,8,5,8,11,5
ENST00000440234.6,ENSG00000132819,RBM38,8,1,7,1,9,4
35ba23ae-d821-457b-80f3-3558a7ef6ad6,ENSG00000003756,RBM5,12,2,10,3,13,0
ENST00000347869.8,ENSG00000003756,RBM5,6,2,5,8,8,1
c48f9480-e059-45e6-a95d-115ef3bbe51b,ENSG00000003756,RBM5,13,3,9,5,14,1
dfcb2772-e56e-4ad5-98f5-beb0bcc5a71d,ENSG00000003756,RBM5,8,0,6,6,8,6
ENST00000339877.8,ENSG00000157110,RBPMS,25,3,15,6,35,1
ENST00000397323.9,ENSG00000157110,RBPMS,6,0,5,8,6,2
b0428b1c-c8aa-4289-bc08-ec2455eb1f04,ENSG00000157110,RBPMS,11,6,7,8,19,0
ENST00000375436.9,ENSG00000179051,RCC2,7,3,5,9,12,4
172cf0ff-f602-40b7-8927-f1f0d53ac1d0,ENSG00000166965,RCCD1,8,0,6,7,12,0
ENST00000240285.10,ENSG00000121039,RDH10,14,4,7,5,17,3
ENST00000444957.3,ENSG00000214022,REPIN1,13,2,10,8,20,7
ENST00000489432.7,ENSG00000214022,REPIN1,16,0,11,5,17,4
ENST00000256953.6,ENSG00000134533,RERG,6,2,5,9,7,5
ENST00000399793.6,ENSG00000154153,RETREG1,27,3,12,2,30,7
af880f75-2e84-4bff-970a-d8501f00e103,ENSG00000143390,RFX5,15,5,11,7,20,6
ENST00000513185.3,ENSG00000174136,RGMB,5,8,5,8,9,1
ENST00000313961.10,ENSG00000143248,RGS5,19,9,10,3,23,7
ENST00000238738.9,ENSG00000119729,RHOQ,6,6,6,0,8,6
ENST00000283109.8,ENSG00000058729,RIOK2,9,7,6,2,11,5
fd7b86b9-0e72-41c9-8389-8bc8432fb9b9,ENSG00000042062,RIPOR3,9,7,6,9,15,8
ENST00000354545.8,ENSG00000115841,RMDN2,25,8,13,3,29,0
ENST00000336617.8,ENSG00000136104,RNASEH2B,9,7,7,1,11,1
ENST00000422660.6,ENSG00000136104,RNASEH2B,9,3,6,0,14,2
ENST00000611510.5,ENSG00000136104,RNASEH2B,10,3,7,9,12,7
ENST00000237455.5,ENSG00000239305,RNF103,52,4,39,7,76,9
a832a72d-9a5f-4094-bd77-75eab5f871f5,ENSG00000138942,RNF185,38,6,31,8,51,9
7d4745c1-6e27-4b41-99e3-52ca26b73744,ENSG00000173821,RNF213,23,5,18,6,27,5
f67b3326-bbe9-4b04-84d1-87e61f7da138,ENSG00000173821,RNF213,8,0,6,7,8,3
a873dd13-5b04-40f0-bff1-eb84cd315123,ENSG00000146373,RNF217,12,3,5,8,16,5
db75698b-7630-4030-a240-ceda921ffaf5,ENSG00000108375,RNF43,11,9,7,3,17,8
ENST00000274134.5,ENSG00000145491,ROPN1L,19,9,13,7,21,9
ENST00000558904.2,ENSG00000069667,RORA,6,6,5,8,7,5
d2106e25-e26e-4fa5-8eac-d2eb1e2beeba,ENSG00000069667,RORA,11,9,10,7,15,0
ENST00000265678.9,ENSG00000071242,RPS6KA2,12,3,6,3,16,9
ENST00000312629.10,ENSG00000175634,RPS6KB2,37,7,30,5,41,5
ENST00000300738.10,ENSG00000167325,RRM1,13,9,8,7,16,6
ENST00000370128.9,ENSG00000137996,RTCA,21,9,12,6,30,1
9ebefcf4-7aeb-4d60-b5aa-9ce6ae36135c,ENSG00000176783,RUFY1,15,0,12,4,17,9
ENST00000319449.9,ENSG00000176783,RUFY1,13,6,10,1,17,4
31d6c33e-3e99-4016-9b66-bfa776dc073e,ENSG00000175792,RUVBL1,7,7,5,8,10,6
ENST00000322623.10,ENSG00000175792,RUVBL1,11,8,10,2,14,3
ENST00000537373.6,ENSG00000118600,RXYLT1,6,1,5,8,8,6
e5e5295b-669c-4318-b6a1-9474bc245083,ENSG00000118600,RXYLT1,11,7,7,1,13,9
ENST00000400566.6,ENSG00000155307,SAMSN1,17,2,7,1,22,8
ENST00000297109.11,ENSG00000164576,SAP30L,16,6,7,5,18,8
ENST00000621999.5,ENSG00000085365,SCAMP1,13,7,8,0,27,7
df8b9752-b335-4aa1-8913-451b5c08f952,ENSG00000166922,SCG5,6,0,5,8,11,0
ENST00000608372.6,ENSG00000153130,SCOC,35,8,28,1,52,7
ENST00000356260.10,ENSG00000198301,SDAD1,11,6,11,1,20,6
ENST00000360779.4,ENSG00000125775,SDCBP2,7,4,6,0,12,1
ENST00000307712.11,ENSG00000100934,SEC23A,57,7,45,4,73,5
ENST00000337002.9,ENSG00000008952,SEC62,104,7,97,7,134,7
83946916-1b9a-40c9-b145-30580def2a22,ENSG00000012171,SEMA3B,6,0,5,7,6,8
ENST00000002829.8,ENSG00000001617,SEMA3F,8,6,6,2,15,0
ENST00000681948.1,ENSG00000109618,SEPSECS,17,3,15,0,24,5
ENST00000322354.4,ENSG00000167565,SERTAD3,12,3,6,0,16,0
ENST00000372292.8,ENSG00000133661,SFTPD,8,8,7,1,10,5
ENST00000361781.7,ENSG00000198964,SGMS1,24,3,18,9,34,5
ENST00000248929.14,ENSG00000100359,SGSM3,17,4,13,9,23,1
696d3497-f4fe-44ad-be72-640e5f2927bb,ENSG00000162105,SHANK2,6,6,6,1,8,0
ede333a3-a62f-4b25-818a-9aceec717aaf,ENSG00000162105,SHANK2,6,2,5,9,7,3
ba6c9e38-81c3-482b-82ab-a29d942bda0b,ENSG00000138771,SHROOM3,9,7,6,6,11,9
dd27069a-c6d0-4cfe-98b4-3659be9af5c9,ENSG00000138771,SHROOM3,12,0,8,9,14,7
28270733-2607-4147-bb19-23bc17dc2b8d,ENSG00000197555,SIPA1L1,8,8,6,1,12,2
7bb638af-83a1-4c9f-be8e-3ce8c5b9f965,ENSG00000197555,SIPA1L1,7,8,7,1,9,1
39c70c3f-f2eb-43b0-a354-98c7c615b50e,ENSG00000141293,SKAP1,10,9,5,8,16,3
10dfd66a-2203-419f-88b8-6e7725e99a22,ENSG00000146828,SLC12A9,9,7,6,0,12,3
ENST00000369626.8,ENSG00000155380,SLC16A1,7,1,6,1,11,9
ENST00000646080.1,ENSG00000110436,SLC1A2,8,9,6,1,16,3
ENST00000373064.9,ENSG00000148339,SLC25A25,112,7,69,2,132,4
ENST00000519676.6,ENSG00000174032,SLC25A30,33,1,18,6,34,8
ENST00000465495.1,ENSG00000162461,SLC25A34,10,7,6,1,12,4
1bb6d834-b3d3-4208-87d6-d772bb8c402e,ENSG00000109667,SLC2A9,10,2,7,9,12,0
96a28e27-e322-46ae-bd34-555a5dc80433,ENSG00000109667,SLC2A9,16,0,7,9,24,8
ENST00000256689.10,ENSG00000134294,SLC38A2,163,0,114,5,208,5
ENST00000360370.9,ENSG00000114544,SLC41A3,16,0,11,5,17,9
de274c33-d5ce-448c-94be-9cc0223f6a57,ENSG00000114544,SLC41A3,9,2,7,7,10,8
76e25322-bf90-4a67-92f2-5dca971542d2,ENSG00000100191,SLC5A4,5,9,5,8,6,0
ENST00000287766.10,ENSG00000157103,SLC6A1,111,4,84,2,139,0
ENST00000359674.8,ENSG00000111181,SLC6A12,41,1,31,3,58,3
77dee19a-47f0-4589-a288-cf137daf4916,ENSG00000183023,SLC8A1,6,8,6,1,9,0
ENST00000262613.10,ENSG00000109062,SLC9A3R1,116,8,100,7,134,1
ENST00000316549.11,ENSG00000181804,SLC9A9,15,0,9,1,21,7
ENST00000302085.9,ENSG00000170365,SMAD1,12,7,8,5,17,2
ENST00000545620.5,ENSG00000113658,SMAD5,7,1,6,1,10,6
ENST00000283131.4,ENSG00000153147,SMARCA5,11,9,8,9,17,0
ENST00000357276.9,ENSG00000138375,SMARCAL1,12,3,9,1,15,0
ENST00000339020.8,ENSG00000188725,SMIM15,34,4,23,2,48,0
ENST00000366516.5,ENSG00000185420,SMYD3,8,0,6,6,11,6
ENST00000332281.6,ENSG00000185669,SNAI3,6,8,6,1,7,8
ENST00000366759.9,ENSG00000143740,SNAP47,16,1,10,6,22,5
ENST00000480897.5,ENSG00000143740,SNAP47,8,6,6,8,12,6
7b6bc9af-81f2-428e-9b01-c3cfacef0059,ENSG00000162804,SNED1,15,0,8,3,18,6
ENST00000296088.12,ENSG00000163788,SNRK,27,8,17,3,34,9
ENST00000392185.8,ENSG00000130340,SNX9,48,4,38,0,58,0
ENST00000536696.6,ENSG00000120833,SOCS2,15,0,10,3,18,1
41d4cc7c-5978-4133-9797-c826737ca6bd,ENSG00000137642,SORL1,26,5,23,0,39,9
ENST00000321765.10,ENSG00000076382,SPAG5,11,5,7,3,13,5
ENST00000438666.7,ENSG00000133104,SPART,12,3,10,1,23,3
4e5099a2-6ec0-4910-91f2-97343705ff1d,ENSG00000182957,SPATA13,17,9,11,0,28,5
ENST00000503362.2,ENSG00000129128,SPCS3,18,0,11,6,31,8
ENST00000507678.5,ENSG00000129128,SPCS3,8,3,5,9,10,6
a8e8f7df-95c9-4a08-84f0-e589ff7db57b,ENSG00000186767,SPIN4,8,6,8,3,10,1
ENST00000329078.8,ENSG00000183018,SPNS2,12,4,9,7,15,0
ffdd2b15-b13c-45a8-a05e-0964b7b3b2d5,ENSG00000187678,SPRY4,15,0,12,4,17,2
80c49947-8bb4-4410-bd90-0eb838ec38ba,ENSG00000115306,SPTBN1,100,4,87,7,135,0
ENST00000264228.9,ENSG00000128039,SRD5A3,17,3,12,2,27,3
ENST00000361204.9,ENSG00000198911,SREBF2,53,7,29,0,79,7
dae86bc6-aa41-4f64-9b91-560d1e06f685,ENSG00000266028,SRGAP2,11,0,7,9,15,2
ENST00000265729.7,ENSG00000075142,SRI,35,2,18,4,50,6
6fb3cb75-5a1b-4027-92f5-8d661e6aff0b,ENSG00000167978,SRRM2,6,3,5,8,7,7
7819c9b5-8c33-403d-9ceb-8c3f1b1e49f0,ENSG00000167978,SRRM2,11,9,9,1,20,4
ENST00000576924.5,ENSG00000167978,SRRM2,7,5,6,6,8,6
ff444f8e-3506-4a40-a118-12ba2a609844,ENSG00000167978,SRRM2,8,6,7,4,11,8
ENST00000371319.8,ENSG00000157216,SSBP3,47,9,28,3,53,0
ENST00000347631.8,ENSG00000126091,ST3GAL3,9,7,7,1,11,6
ENST00000351035.8,ENSG00000126091,ST3GAL3,6,6,6,2,7,1
ENST00000638572.2,ENSG00000115525,ST3GAL5,10,2,6,5,12,1
ENST00000323984.8,ENSG00000004866,ST7,8,6,6,7,12,7
ENST00000393451.7,ENSG00000004866,ST7,11,7,9,4,12,9
ENST00000377602.5,ENSG00000148488,ST8SIA6,6,0,5,9,6,7
854f0b2e-4684-4efb-b862-a1b489e38fe1,ENSG00000101972,STAG2,11,5,7,8,12,8
e85e7dde-c1d0-44de-9f2a-0c89eca4aa30,ENSG00000101972,STAG2,6,6,6,1,8,3
8b100219-fd36-4d5d-9335-9c1fed34c044,ENSG00000133121,STARD13,7,3,6,4,9,5
ENST00000502322.5,ENSG00000164211,STARD4,6,4,5,9,8,1
ENST00000509887.5,ENSG00000164211,STARD4,11,5,6,1,13,9
ENST00000337288.10,ENSG00000084090,STARD7,31,9,25,8,56,4
ade71476-8139-4b0c-92c8-8d2478b1d4cb,ENSG00000138378,STAT4,6,2,5,9,10,3
8a8f5c9f-aa1b-429e-8107-966af1e623b3,ENSG00000040341,STAU2,6,1,5,8,7,2
f5f700ff-650e-4dcb-ac70-bc441bff23f0,ENSG00000040341,STAU2,6,1,5,9,13,7
ENST00000393107.2,ENSG00000115107,STEAP3,6,2,6,0,10,4
ENST00000393110.7,ENSG00000115107,STEAP3,9,7,6,1,12,4
b6a2b0e5-c6cb-496d-ae08-0d5f43cbcbf4,ENSG00000115107,STEAP3,8,1,6,2,9,4
ENST00000300737.8,ENSG00000167323,STIM1,34,4,30,0,40,3
ENST00000539966.6,ENSG00000102572,STK24,25,2,18,0,31,5
ENST00000306200.7,ENSG00000168818,STX18,12,0,10,8,14,5
ENST00000515687.5,ENSG00000168818,STX18,6,6,6,2,11,0
ENST00000646932.1,ENSG00000136143,SUCLA2,17,2,8,6,24,2
ENST00000628514.3,ENSG00000175600,SUGCT,23,9,17,3,30,7
ENST00000225504.8-1,ENSG00000213246,SUPT4H1,52,2,42,9,55,6
ENST00000577396.5,ENSG00000213246,SUPT4H1,10,2,8,9,11,3
15b7d82f-9a3d-4e36-8602-17f1584b148b,ENSG00000147642,SYBU,15,0,13,2,18,2
ENST00000276646.14,ENSG00000147642,SYBU,5,8,5,6,6,2
ENST00000533394.5,ENSG00000147642,SYBU,15,5,7,2,24,2
be84be57-92fa-4536-8567-ae9953072345,ENSG00000182253,SYNM,10,7,7,1,14,5
ENST00000637181.2,ENSG00000055208,TAB2,45,9,21,3,51,7
ENST00000288422.4,ENSG00000157625,TAB3,17,3,14,3,36,7
2353296d-e852-4e45-95ea-e5b80a5f1fd6,ENSG00000164691,TAGAP,6,4,6,0,7,0
ENST00000392749.7,ENSG00000136560,TANK,29,0,18,4,43,1
ENST00000405303.7,ENSG00000169762,TAPT1,11,9,9,1,14,5
f0774abe-bec5-4a36-accb-97a7f4b1cb0c,ENSG00000169762,TAPT1,19,6,12,9,23,7
0a422894-50db-4ced-adb3-a0040d1f78f8,ENSG00000198650,TAT,6,2,5,8,9,7
1cdb92f7-ab60-4499-a04e-6248c5504777,ENSG00000198650,TAT,6,3,5,9,7,9
3bc34646-8161-4eff-977b-0f737028f773,ENSG00000198650,TAT,7,2,6,5,7,9
49a054e5-1e78-482b-8a80-ee8878b07863,ENSG00000198650,TAT,6,2,5,8,8,2
4b47fd68-ba34-4e38-928c-1a933fe1b2f5,ENSG00000198650,TAT,7,9,6,0,11,1
7f129040-8f9b-473d-aea1-c518e72c06fc,ENSG00000198650,TAT,6,4,5,9,7,4
81766fa0-f1cc-4eb3-a3fd-8d3b84ed0423,ENSG00000198650,TAT,12,4,10,7,17,3
9e452a6a-1b4c-402a-be50-beb7cd501c9a,ENSG00000198650,TAT,6,4,6,1,8,7
ENST00000355962.5,ENSG00000198650,TAT,188,8,108,4,312,1
aebba069-0b54-437e-a76c-01be0737823d,ENSG00000198650,TAT,13,3,8,6,15,0
b5677fec-19a2-4c33-a571-9da953782d55,ENSG00000198650,TAT,8,8,7,6,11,4
bf16bac8-69c0-4400-ad7b-faa615f416a1,ENSG00000198650,TAT,8,3,8,1,8,5
e0839981-4142-4f89-a4b1-e7442a5eb968,ENSG00000198650,TAT,22,9,16,8,29,8
ed0572b0-f17b-4f25-ad00-6e4da7137f47,ENSG00000198650,TAT,8,1,5,8,12,6
25a302f4-d1cf-4684-9e12-223b3094f1fb,ENSG00000106052,TAX1BP1,6,2,6,1,7,5
ENST00000265393.10,ENSG00000106052,TAX1BP1,11,6,11,1,16,2
ENST00000396319.7,ENSG00000106052,TAX1BP1,8,0,7,0,12,7
ENST00000337137.9,ENSG00000054611,TBC1D22A,13,1,6,9,17,4
539908c4-17cd-4e58-ae60-b88fb4606dab,ENSG00000204634,TBC1D8,8,0,6,2,8,6
5f03ac02-1223-4cc7-9a34-d1bbb98b62ae,ENSG00000204634,TBC1D8,7,4,6,1,9,1
ENST00000376840.8,ENSG00000204634,TBC1D8,7,5,7,1,7,8
ENST00000240328.4,ENSG00000121068,TBX2,15,0,11,6,16,0
ENST00000349155.7,ENSG00000135111,TBX3,15,7,11,9,22,7
ENST00000570287.6,ENSG00000196628,TCF4,6,2,5,8,15,3
ENST00000335209.12,ENSG00000088992,TESC,8,6,5,9,12,8
2bdd470e-de12-41f5-a2be-a97fffd0b9b2,ENSG00000003436,TFPI,8,6,7,5,12,3
3c51951b-da11-433b-bdd1-e3fb61dcc0e6,ENSG00000003436,TFPI,6,6,5,8,15,0
ENST00000233156.9,ENSG00000003436,TFPI,20,0,13,5,25,0
ENST00000339091.8,ENSG00000003436,TFPI,7,1,6,0,10,0
c3db91ca-2f84-410e-bb5c-c86f2eb02875,ENSG00000003436,TFPI,10,7,6,2,15,0
ENST00000238682.8,ENSG00000119699,TGFB3,6,2,6,0,6,5
ENST00000260356.6,ENSG00000137801,THBS1,13,3,6,1,22,5
22dfbcea-8f20-4956-861c-9bf6f7ce4749,ENSG00000169231,THBS3,7,8,6,5,8,5
3a515021-4ea9-46ac-9bcc-fb8da80980e1,ENSG00000051596,THOC3,8,1,6,4,11,0
ENST00000265097.9,ENSG00000051596,THOC3,13,3,11,1,15,0
ENST00000295899.10,ENSG00000163634,THOC7,29,0,22,5,45,9
ENST00000469584.5,ENSG00000163634,THOC7,6,0,5,8,8,8
dd61fae9-8bff-4eff-b0e7-b566a36b0b7a,ENSG00000151090,THRB,17,9,15,3,26,7
18c83800-294f-4a21-9b67-eeacb87f2562,ENSG00000187720,THSD4,8,0,6,2,13,9
ENST00000284240.10,ENSG00000154096,THY1,10,7,6,5,16,4
ENST00000218032.7,ENSG00000101916,TLR8,6,6,6,3,12,6
ENST00000305366.8,ENSG00000169908,TM4SF1,32,6,29,6,36,1
ENST00000367881.11-1,ENSG00000143183,TMCO1,69,7,55,9,86,2
385d768a-292e-4354-8d2d-cfdc935a3b93,ENSG00000178826,TMEM139,10,6,6,5,17,6
ENST00000471161.1,ENSG00000178826,TMEM139,6,1,5,8,13,3
ENST00000222284.10,ENSG00000105677,TMEM147,52,6,39,0,59,9
ENST00000599895.1,ENSG00000105677,TMEM147,6,0,5,8,6,6
43c3f21b-980a-4559-8540-39a80f52eea8,ENSG00000133678,TMEM254,6,2,5,7,7,4
ENST00000372281.8,ENSG00000133678,TMEM254,26,7,23,2,36,8
385d1036-858b-4e43-baa3-13d9e2e22809,ENSG00000145014,TMEM44,9,1,6,4,13,1
ENST00000375782.2,ENSG00000162460,TMEM82,66,8,52,0,74,6
ENST00000507382.2,ENSG00000167105,TMEM92,7,9,5,9,11,1
ENST00000534025.6,ENSG00000175348,TMEM9B,24,7,21,5,37,3
ENST00000334398.8,ENSG00000185973,TMLHE,13,3,7,5,18,4
ENST00000266732.8,ENSG00000120802,TMPO,7,5,5,8,13,7
ee5f76d2-1ebe-41a3-bcea-66771498403f,ENSG00000125827,TMX4,21,9,13,5,31,0
305d0324-1f76-4759-9a18-88c96cf203ee,ENSG00000157873,TNFRSF14,12,3,9,9,16,1
43354243-1562-46e1-9f21-6e02804af9b4,ENSG00000157873,TNFRSF14,6,8,5,9,7,9
f135083f-8dff-446c-a047-45d556fe262e,ENSG00000157873,TNFRSF14,9,7,7,9,10,6
fa82a82a-36d7-4646-9473-f3e8b87d61e8,ENSG00000157873,TNFRSF14,14,8,8,9,24,4
ENST00000673038.1,ENSG00000061938,TNK2,13,9,7,4,23,9
bc44250b-c27e-47aa-9553-f9d5b7e5a778,ENSG00000160949,TONSL,8,2,7,0,9,4
97a80e97-0748-4426-8cb4-7cc6e02af72b,ENSG00000140416,TPM1,12,1,11,8,12,7
ENST00000358278.7,ENSG00000140416,TPM1,8,1,7,1,9,6
ENST00000404484.9,ENSG00000140416,TPM1,12,8,6,6,19,2
420b4401-80c4-4d40-a824-aa61705472b2,ENSG00000188001,TPRG1,6,0,5,8,6,4
2a6fc18a-50f6-4f96-949d-66ae499fdc6f,ENSG00000133112,TPT1,12,4,7,5,17,3
7aac1ac9-d5df-4aa0-9b21-33d22cbbcd57,ENSG00000133112,TPT1,9,7,8,3,12,0
83add1c9-c11d-45b9-bb3f-14cedf4a79cf,ENSG00000133112,TPT1,13,9,11,9,17,3
ENST00000379056.5,ENSG00000133112,TPT1,17,9,11,5,24,7
ENST00000379060.8,ENSG00000133112,TPT1,52,0,26,7,72,9
ENST00000530705.6,ENSG00000133112,TPT1,3243,0,2655,5,3517,3
e7353e70-1164-4255-8de7-4152c2228eae,ENSG00000133112,TPT1,365,3,273,2,391,9
eb2b0507-b0e8-43ab-9e2e-e79b16d230df,ENSG00000133112,TPT1,17,7,11,5,23,8
f8c38bfa-5b8f-4b0a-aa1b-533f86e074cc,ENSG00000133112,TPT1,11,9,7,9,12,6
ENST00000368761.11,ENSG00000056972,TRAF3IP2,7,5,6,0,13,6
ENST00000324266.10,ENSG00000171853,TRAPPC12,24,4,17,9,39,7
ENST00000261489.6,ENSG00000102804,TSC22D1,97,6,75,8,130,6
ENST00000458659.3,ENSG00000102804,TSC22D1,8,7,7,4,10,1
ENST00000240587.5,ENSG00000121297,TSHZ3,6,1,5,8,7,5
ENST00000333090.5,ENSG00000182704,TSKU,45,9,28,9,69,6
9bd85bfc-53a7-4334-890e-184c355224e3,ENSG00000108219,TSPAN14,5,8,5,7,6,2
ENST00000429989.7,ENSG00000108219,TSPAN14,13,3,6,1,16,0
ENST00000520358.7,ENSG00000157570,TSPAN18,10,7,6,6,13,9
fb1dc28f-c0c3-4ce0-877b-43d695494d83,ENSG00000123607,TTC21B,7,4,6,1,9,4
1f152ee5-a487-4c08-94f9-8f1ab877871b,ENSG00000182670,TTC3,40,1,30,0,56,9
ENST00000317571.8,ENSG00000168234,TTC39C,6,4,5,9,7,3
ENST00000540918.2-1,ENSG00000168234,TTC39C,40,2,18,6,45,1
a60e471b-428c-4f5e-9e6a-9819ab5130d5,ENSG00000168234,TTC39C,5,8,5,6,6,6
ENST00000266254.12,ENSG00000100271,TTLL1,6,6,6,3,7,3
ENST00000371626.9,ENSG00000117862,TXNDC12,63,5,42,6,73,4
ENST00000403766.8,ENSG00000134882,UBAC2,27,8,18,6,39,6
0ea8a599-3457-4215-943a-88127fbe5eb9,ENSG00000109332,UBE2D3,5,8,5,8,5,8
5844cf2a-8f80-4760-b222-7efd80efbaf5,ENSG00000109332,UBE2D3,9,7,6,0,12,9
ENST00000394801.8,ENSG00000109332,UBE2D3,8,0,6,2,9,1
ENST00000394803.9,ENSG00000109332,UBE2D3,7,9,6,1,12,1
ENST00000453744.7,ENSG00000109332,UBE2D3,23,9,13,9,34,4
ce93e557-1e3f-4c6b-88b7-9a577c56c1e0,ENSG00000109332,UBE2D3,85,6,72,3,86,9
5b3e127d-dd17-449d-bc36-2db7ff569482,ENSG00000170142,UBE2E1,7,1,6,2,9,7
ENST00000306627.8,ENSG00000170142,UBE2E1,28,9,24,0,37,6
36e19964-9c7e-4d96-8105-50a68469d6df,ENSG00000160714,UBE2Q1,11,7,7,5,14,3
ENST00000292211.5,ENSG00000160714,UBE2Q1,22,5,18,6,34,4
3fa66131-c792-46af-ae40-493d71e0c3a5,ENSG00000107341,UBE2R2,10,4,8,1,12,7
ENST00000263228.4,ENSG00000107341,UBE2R2,19,3,11,5,27,9
ENST00000217173.7,ENSG00000185019,UBOX5,6,6,6,1,11,0
8d812611-d7a6-450e-b76c-c3ab3dec723b,ENSG00000198276,UCKL1,27,4,16,1,40,3
ENST00000418476.2,ENSG00000140553,UNC45A,21,0,11,5,30,2
946548c9-e0e6-4ac8-aa25-6a7fa8a890fa,ENSG00000156467,UQCRB,8,0,7,8,10,6
ENST00000287022.10,ENSG00000156467,UQCRB,455,0,365,9,497,2
ENST00000518406.5,ENSG00000156467,UQCRB,12,3,7,8,20,2
1864aaba-6969-4ddc-b507-bd009d39fdfb,ENSG00000042781,USH2A,42,4,36,7,59,3
724a7a15-94e2-402c-aba3-f7c633148712,ENSG00000152484,USP12,15,0,8,5,18,8
ENST00000380324.8,ENSG00000140455,USP3,10,7,8,1,15,9
091f217e-e8fa-4abf-9088-6d55ea57060e,ENSG00000148429,USP6NL,7,9,6,1,21,2
ENST00000609104.6,ENSG00000148429,USP6NL,5,8,5,8,6,9
ENST00000344836.9,ENSG00000187555,USP7,18,9,13,2,27,4
f583b443-1fa0-4d4a-ad9d-4f5e286699c9,ENSG00000187555,USP7,10,6,8,1,11,6
6f835986-7694-4e03-8c5d-160332ac9242,ENSG00000126756,UXT,7,5,6,6,8,0
ENST00000333119.7,ENSG00000126756,UXT,104,6,60,0,137,7
ENST00000261776.10,ENSG00000103043,VAC14,18,9,12,2,30,0
13853a31-19ae-4314-87e0-0ca91f6d62b7,ENSG00000134215,VAV3,7,5,7,1,8,1
79394650-ba4f-4e2c-bf9a-bfd6070c8c65,ENSG00000026025,VIM,6,2,5,8,7,8
ENST00000224237.9,ENSG00000026025,VIM,182,9,140,5,210,0
0b8a6de2-e743-4bfd-9c81-95015c429da4,ENSG00000114812,VIPR1,10,8,6,5,18,4
ENST00000325123.5,ENSG00000114812,VIPR1,12,8,12,0,14,8
4cb1f8d8-4bf8-4f36-80d4-e9fe8d637575,ENSG00000075399,VPS9D1,12,4,6,9,15,9
ENST00000281496.6,ENSG00000102763,VWA8,11,6,6,6,13,9
ENST00000318410.12,ENSG00000164961,WASHC5,17,9,14,1,31,3
ENST00000262348.9,ENSG00000116729,WLS,16,6,13,5,19,5
e62d9976-5b3c-4afb-b776-3bfd0e1413b8,ENSG00000116729,WLS,11,5,6,0,17,9
ea986a53-e97d-4be5-81e8-c7503e9f33ac,ENSG00000151718,WWC2,9,4,5,8,12,8
64b18ba2-09e4-404f-8a75-fda8c8c7d4f4,ENSG00000047644,WWC3,8,8,7,6,12,4
ENST00000565562.5,ENSG00000186153,WWOX,6,0,5,8,6,3
ENST00000566103.1,ENSG00000186153,WWOX,11,9,8,6,18,6
398c0597-76c3-4328-8094-3b8a5e6f0f7c,ENSG00000154767,XPC,17,3,15,7,29,3
ENST00000310380.11,ENSG00000173950,XXYLT1,9,5,8,5,10,5
eaba9927-2b60-46d3-bfaf-0f492ff65325,ENSG00000163872,YEATS2,7,8,6,9,9,2
ENST00000248975.6,ENSG00000128245,YWHAH,48,8,28,2,59,7
ENST00000255198.3,ENSG00000132846,ZBED3,15,0,11,9,29,4
ENST00000413761.7,ENSG00000236287,ZBED5,11,9,11,5,14,3
ed7174e2-d035-45b7-917f-e3778ebc4338,ENSG00000114853,ZBTB47,11,9,8,9,12,3
ENST00000319555.8,ENSG00000179588,ZFPM1,7,3,6,0,10,6
a2ba64b3-07f0-449d-8a6b-3e2eaafdba44,ENSG00000125846,ZNF133,6,2,6,1,6,6
b3c64d03-9955-4410-89aa-012af897c4ec,ENSG00000125846,ZNF133,10,8,8,4,12,2
ENST00000298299.4,ENSG00000165512,ZNF22,13,9,8,0,24,7
ENST00000601142.2,ENSG00000168661,ZNF30,9,5,7,6,11,4
ENST00000374433.7,ENSG00000169740,ZNF32,11,5,6,0,18,6
ENST00000395797.1,ENSG00000169740,ZNF32,8,6,6,2,11,5
ENST00000376436.5,ENSG00000130684,ZNF337,8,0,5,8,20,1
ENST00000243644.9,ENSG00000256683,ZNF350,6,6,5,8,8,1
ENST00000394313.7,ENSG00000161642,ZNF385A,11,5,6,3,15,5
658957bb-f040-41d5-b7bc-f310b29df19d,ENSG00000112200,ZNF451,11,9,8,5,17,5
6ad44044-d6e8-4b35-97c7-087ea42c5692,ENSG00000112200,ZNF451,7,5,7,1,7,8
d58c1a7e-37f9-4130-b1ae-ea662f757449,ENSG00000167555,ZNF528,8,6,8,3,10,9
97470fc4-0441-47b4-91f3-5820a74599c3,ENSG00000171469,ZNF561,11,6,6,9,12,3
ENST00000443819.5,ENSG00000171469,ZNF561,7,3,6,0,8,5
ENST00000356725.9,ENSG00000197863,ZNF790,6,2,5,8,8,1
ENST00000544604.7,ENSG00000183579,ZNRF3,13,2,11,4,15,2
ENST00000254821.10,ENSG00000132485,ZRANB2,5,8,5,7,13,9
ENST00000370920.8,ENSG00000132485,ZRANB2,6,7,5,8,7,9
0db2fc12-6b2b-4f9c-913e-941468dacc7c,ENSG00000214655,ZSWIM8,15,0,13,2,21,5
786fe63c-ea5a-432e-9952-b7001dffff67,ENSG00000214655,ZSWIM8,7,2,5,7,9,5
ce8a516f-ddff-47a2-8a2e-78a53273553c,ENSG00000214655,ZSWIM8,7,1,5,9,8,5
,,,,,
,,,,,
,,,,,
,,,,,
,,,,,
,,,,,
,,,,,
,,,,,
,,,,,
,,,,,
,,,,,
,,,,,
,,,,,
,,,,,
,,,,,
,,,,,
,,,,,
,,,,,
,,,,,
,,,,,
,,,,,
,,,,,
,,,,,
,,,,,
,,,,,
,,,,,
,,,,,
,,,,,
,,,,,
,,,,,
,,,,,
,,,,,
,,,,,
,,,,,
,,,,,
,,,,,
,,,,,
,,,,,
,,,,,
,,,,,
,,,,,
,,,,,
,,,,,
,,,,,
,,,,,
,,,,,
,,,,,
,,,,,
,,,,,
,,,,,
,,,,,
,,,,,
,,,,,
,,,,,
,,,,,
,,,,,
,,,,,
,,,,,
,,,,,
,,,,,
,,,,,
,,,,,
,,,,,
,,,,,
,,,,,
,,,,,
,,,,,
,,,,,
,,,,,
,,,,,
,,,,,
,,,,,
,,,,,
,,,,,
,,,,,
,,,,,
,,,,,
,,,,,
,,,,,
,,,,,
,,,,,
,,,,,
,,,,,
,,,,,
,,,,,
,,,,,
,,,,,
,,,,,
,,,,,
,,,,,
,,,,,
,,,,,
,,,,,
,,,,,
,,,,,
,,,,,
,,,,,
,,,,,
,,,,,
,,,,,
,,,,,
,,,,,
,,,,,
,,,,,
,,,,,
,,,,,
,,,,,
,,,,,
,,,,,
,,,,,
,,,,,
,,,,,
,,,,,
,,,,,
,,,,,
,,,,,
,,,,,
,,,,,
,,,,,
,,,,,
,,,,,
,,,,,
,,,,,
,,,,,
,,,,,
,,,,,
,,,,,
,,,,,
,,,,,
,,,,,
,,,,,
,,,,,
,,,,,
,,,,,
,,,,,
,,,,,
,,,,,
,,,,,
,,,,,
,,,,,
,,,,,
,,,,,
,,,,,
,,,,,
,,,,,
,,,,,
,,,,,
,,,,,
,,,,,
,,,,,
,,,,,
,,,,,
,,,,,
,,,,,
,,,,,
,,,,,
,,,,,
,,,,,
,,,,,
,,,,,
,,,,,
,,,,,
,,,,,
,,,,,
,,,,,
,,,,,
,,,,,
,,,,,
,,,,,
,,,,,
,,,,,
,,,,,
,,,,,
,,,,,
,,,,,
,,,,,
,,,,,
,,,,,
,,,,,
,,,,,
,,,,,
,,,,,
,,,,,
,,,,,
,,,,,
,,,,,
,,,,,
,,,,,
,,,,,
,,,,,
,,,,,
,,,,,
,,,,,
,,,,,
,,,,,
,,,,,
,,,,,
,,,,,
,,,,,
,,,,,
,,,,,
,,,,,
,,,,,
,,,,,
,,,,,
,,,,,
,,,,,
,,,,,
,,,,,
,,,,,
,,,,,
,,,,,
,,,,,
,,,,,
,,,,,
,,,,,
,,,,,
,,,,,
,,,,,
,,,,,
,,,,,
,,,,,
,,,,,
,,,,,
,,,,,
,,,,,
,,,,,
,,,,,
,,,,,
,,,,,
,,,,,
,,,,,
,,,,,
,,,,,
,,,,,
,,,,,
,,,,,
,,,,,
,,,,,
,,,,,
,,,,,
,,,,,
,,,,,
,,,,,
,,,,,
,,,,,
,,,,,
,,,,,
,,,,,
,,,,,
,,,,,
,,,,,
,,,,,
,,,,,
,,,,,
,,,,,
,,,,,
,,,,,
,,,,,
,,,,,
,,,,,
,,,,,
,,,,,
,,,,,
,,,,,
,,,,,
,,,,,
,,,,,
,,,,,
,,,,,
,,,,,
,,,,,
,,,,,
,,,,,
,,,,,
,,,,,
,,,,,
,,,,,
,,,,,
,,,,,
,,,,,
,,,,,
,,,,,
,,,,,
,,,,,
,,,,,
,,,,,
,,,,,
,,,,,
,,,,,
,,,,,
,,,,,
,,,,,
,,,,,
,,,,,
,,,,,
,,,,,
,,,,,
,,,,,
,,,,,
,,,,,
,,,,,
,,,,,
,,,,,
,,,,,
,,,,,
,,,,,
,,,,,
,,,,,
,,,,,
,,,,,
,,,,,
,,,,,
,,,,,
,,,,,
,,,,,
,,,,,
,,,,,
,,,,,
,,,,,
,,,,,
,,,,,
,,,,,
,,,,,
,,,,,
,,,,,
,,,,,
,,,,,
,,,,,
,,,,,
,,,,,
,,,,,
,,,,,
,,,,,
,,,,,
,,,,,
,,,,,
,,,,,
,,,,,
,,,,,
,,,,,
,,,,,
,,,,,
,,,,,
,,,,,
,,,,,
,,,,,
,,,,,
,,,,,
,,,,,
,,,,,
,,,,,
,,,,,
,,,,,
,,,,,
,,,,,
,,,,,
,,,,,
,,,,,
,,,,,
,,,,,
,,,,,
,,,,,
,,,,,
,,,,,
,,,,,
,,,,,
,,,,,
,,,,,
,,,,,
,,,,,
,,,,,
,,,,,
,,,,,
,,,,,
,,,,,
,,,,,
,,,,,
,,,,,
,,,,,
,,,,,
,,,,,
,,,,,
,,,,,
,,,,,
,,,,,
,,,,,
,,,,,
,,,,,
,,,,,
,,,,,
,,,,,
,,,,,
,,,,,
,,,,,
,,,,,
,,,,,
,,,,,
,,,,,
,,,,,
,,,,,
,,,,,
,,,,,
,,,,,
,,,,,
,,,,,
,,,,,
,,,,,
,,,,,
,,,,,
,,,,,
,,,,,
,,,,,
,,,,,
,,,,,
,,,,,
,,,,,
,,,,,
,,,,,
,,,,,
,,,,,
,,,,,
,,,,,
,,,,,
,,,,,
,,,,,
,,,,,
,,,,,
,,,,,
,,,,,
,,,,,
,,,,,
,,,,,
,,,,,
,,,,,
,,,,,
,,,,,
,,,,,
,,,,,
,,,,,
,,,,,
,,,,,
,,,,,
,,,,,
,,,,,
,,,,,
,,,,,
,,,,,
,,,,,
,,,,,
,,,,,
,,,,,
,,,,,
,,,,,
,,,,,
,,,,,
,,,,,
,,,,,
,,,,,
,,,,,
,,,,,
,,,,,
,,,,,
,,,,,
,,,,,
,,,,,
,,,,,
,,,,,
,,,,,
,,,,,
,,,,,
,,,,,
,,,,,
,,,,,
,,,,,
,,,,,
,,,,,
,,,,,
,,,,,
,,,,,
,,,,,
,,,,,
,,,,,
,,,,,
,,,,,
,,,,,
,,,,,
,,,,,
,,,,,
,,,,,
,,,,,
,,,,,
,,,,,
,,,,,
,,,,,
,,,,,
,,,,,
,,,,,
,,,,,
,,,,,
,,,,,
,,,,,
,,,,,
,,,,,
,,,,,
,,,,,
,,,,,
,,,,,
,,,,,
,,,,,
,,,,,
,,,,,
,,,,,
,,,,,
,,,,,
,,,,,
,,,,,
,,,,,
,,,,,
,,,,,
,,,,,
,,,,,
,,,,,
,,,,,
,,,,,
,,,,,
,,,,,
,,,,,
,,,,,
,,,,,
,,,,,
,,,,,
,,,,,
,,,,,
,,,,,
,,,,,
,,,,,
,,,,,
,,,,,
,,,,,
,,,,,
,,,,,
,,,,,
,,,,,
,,,,,
,,,,,
,,,,,
,,,,,
