Chr,Pos_init,Pos_end,Strand,Id,Sense gene,,
chrY,2935281,2982506,1,ENSG00000067646,ZFY,,
chrY,14522573,14845654,1,ENSG00000165246,NLGN4Y,,
chr13,24307166,24322535,1,ENSG00000240654,C1QTNF9,,
chr13,28138506,28295335,1,ENSG00000152520,PAN3,,
chr13,26557683,26688948,1,ENSG00000132970,WASF3,,
chr13,44143150,44161257,-1,ENSG00000139656,SMIM2,,
chr13,77535674,77645263,1,ENSG00000136155,SCEL,,
chr13,44432143,44577147,-1,ENSG00000102804,TSC22D1,,
chr13,38687077,38887131,1,ENSG00000150893,FREM2,,
chr18,11851413,11854444,1,ENSG00000255112,CHMP1B,,
chr18,3496032,4455307,-1,ENSG00000170579,DLGAP1,,
chr13,99200774,99386504,1,ENSG00000134882,UBAC2,,
chr13,23979805,24307074,1,ENSG00000182957,SPATA13,,
chr18,9102630,9134345,1,ENSG00000178127,NDUFV2,,
chr13,59665583,60163928,-1,ENSG00000139734,DIAPH3,,
chr21,32311018,32393012,-1,ENSG00000142207,URB1,,
chr21,26466209,26573286,-1,ENSG00000166265,CYYR1,,
chr13,77895481,77975529,-1,ENSG00000136160,EDNRB,,
chr18,45212995,45683688,1,ENSG00000132874,SLC14A2,,
chr13,27066156,27171811,-1,ENSG00000152484,USP12,,
chr13,75620434,75859870,1,ENSG00000136153,LMO7,,
chr20,1629152,1657779,-1,ENSG00000089012,SIRPG,,
chr20,7977346,8019805,-1,ENSG00000125827,TMX4,,
chr20,21511017,21514064,-1,ENSG00000125820,NKX2-2,,
chr22,32507820,33058381,-1,ENSG00000185666,SYN3,,
chr20,1978757,1994285,-1,ENSG00000101327,PDYN,,
chr13,94709622,94712545,-1,ENSG00000125285,SOX21,,
chr22,30080464,30177075,1,ENSG00000176635,HORMAD2,,
chr20,11890723,11926609,1,ENSG00000132640,BTBD3,,
chr22,36860988,36878017,1,ENSG00000100365,NCF4,,
chr20,13221274,13300651,1,ENSG00000101230,ISM1,,
chr18,23992773,24135610,1,ENSG00000168234,TTC39C,,
chr21,31873020,32044633,1,ENSG00000142149,HUNK,,
chr21,32733899,32771792,-1,ENSG00000159086,PAXBP1,,
chr21,32790673,32813743,-1,ENSG00000205929,C21orf62,,
chr13,110305812,110513209,1,ENSG00000134871,COL4A2,,
chr13,33103137,33350630,-1,ENSG00000133121,STARD13,,
chr13,66302834,67230445,-1,ENSG00000184226,PCDH9,,
chr18,48026672,48410752,-1,ENSG00000184828,ZBTB7C,,
chr22,30240453,30246759,-1,ENSG00000128342,LIF,,
chr13,30932656,30975500,1,ENSG00000175664,TEX26,,
chr13,108596152,109208005,1,ENSG00000041515,MYO16,,
chr22,43528744,43812337,-1,ENSG00000186976,EFCAB6,,
chr22,46762617,47175699,1,ENSG00000054611,TBC1D22A,,
chr21,37607373,38121345,-1,ENSG00000157542,KCNJ6,,
chr21,17901263,18267373,1,ENSG00000154645,CHODL,,
chr13,95433604,95579759,1,ENSG00000134873,CLDN10,,
chr21,29194071,29630751,1,ENSG00000156273,BACH1,,
chr20,25673195,25696853,-1,ENSG00000130684,ZNF337,,
chrX,3604340,3713649,-1,ENSG00000183943,PRKX,,
chr13,100089015,100530437,1,ENSG00000175198,PCCA,,
chrX,1403139,1453762,-1,ENSG00000169093,ASMTL,,
chr21,41986831,42010387,-1,ENSG00000173276,ZBTB21,,
chr13,78614289,78659155,-1,ENSG00000152193,OBI1,,
chr21,36069941,36073166,1,ENSG00000159228,CBR1,,
chr13,113122799,113149529,1,ENSG00000126218,F10,,
chr21,36135079,36146562,1,ENSG00000159231,CBR3,,
chr13,91398621,92873682,1,ENSG00000179399,GPC5,,
chr13,112894378,113099742,1,ENSG00000126217,MCF2L,,
chr20,50586108,50691542,-1,ENSG00000042062,RIPOR3,,
chr20,44745865,44752313,1,ENSG00000124249,KCNK15,,
chr21,17593653,17612945,-1,ENSG00000154640,BTG3,,
chr13,93226807,94408020,1,ENSG00000183098,GPC6,,
chr21,14485228,14658821,-1,ENSG00000155307,SAMSN1,,
chr18,76357682,76495242,-1,ENSG00000101493,ZNF516,,
chr13,98142562,98455176,1,ENSG00000152767,FARP1,,
chr13,50909747,51024120,1,ENSG00000136104,RNASEH2B,,
chr20,33993646,34108308,1,ENSG00000125970,RALY,,
chr20,20052514,20360703,1,ENSG00000089101,CFAP61,,
chr21,36034541,36079389,-1,ENSG00000185917,SETD4,,
chrX,23334849,23404374,1,ENSG00000165186,PTCHD1,,
chr21,45405165,45513720,1,ENSG00000182871,COL18A1,,
chr22,26169462,26383597,1,ENSG00000100095,SEZ6L,,
chr10,274190,689668,-1,ENSG00000151240,DIP2C,,
chr13,46053186,46105033,-1,ENSG00000080618,CPB2,,
chrX,43948776,43973395,-1,ENSG00000124479,NDP,,
chr10,1177313,1737525,-1,ENSG00000185736,ADARB2,,
chr13,101053776,101416508,-1,ENSG00000102452,NALCN,,
chr21,32268228,32279049,-1,ENSG00000159055,MIS18A,,
chr21,32291813,32314784,1,ENSG00000170262,MRAP,,
chr22,43039516,43089419,-1,ENSG00000100271,TTLL1,,
chr13,113820549,113864076,-1,ENSG00000183087,GAS6,,
chr13,48053323,48095131,-1,ENSG00000136146,MED4,,
chr20,63939829,63956416,-1,ENSG00000198276,UCKL1,,
chr13,79311824,79406477,-1,ENSG00000139746,RBM26,,
chr20,57168753,57266641,-1,ENSG00000101144,BMP7,,
chr21,39184176,39321559,-1,ENSG00000185658,BRWD1,,
chr20,18813783,18814378,1,ENSG00000132631,SCP2D1,,
chr13,47745736,48037968,-1,ENSG00000136143,SUCLA2,,
chr18,55222185,55664787,-1,ENSG00000196628,TCF4,,
chr22,41092592,41180077,1,ENSG00000100393,EP300,,
chr21,40010999,40847158,-1,ENSG00000171587,DSCAM,,
chr13,45393316,45418455,-1,ENSG00000174032,SLC25A30,,
chr13,45333471,45341284,-1,ENSG00000133112,TPT1,,
chrX,91434595,91438584,1,ENSG00000174740,PABPC5,,
chr13,46831546,46897076,-1,ENSG00000102468,HTR2A,,
chr20,62307955,62367312,-1,ENSG00000130702,LAMA5,,
chr22,28883572,29057488,1,ENSG00000183579,ZNRF3,,
chr13,36301638,36370180,-1,ENSG00000133104,SPART,,
chr13,98445185,98577940,-1,ENSG00000102572,STK24,,
chr20,59577509,59847711,1,ENSG00000087495,PHACTR3,,
chr6,13357830,13487662,-1,ENSG00000145990,GFOD1,,
chr6,15246069,15522042,1,ENSG00000008083,JARID2,,
chr6,10980759,11044305,-1,ENSG00000197977,ELOVL2,,
chr13,101710804,102402457,-1,ENSG00000102466,FGF14,,
chr22,41205282,41231271,1,ENSG00000100395,L3MBTL2,,
chr6,28570535,28616212,-1,ENSG00000232040,ZBED9,,
chr10,23202696,23344845,-1,ENSG00000179133,C10orf67,,
chr21,42653621,42775509,1,ENSG00000160191,PDE9A,,
chr10,17315421,17454595,-1,ENSG00000148488,ST8SIA6,,
chrX,101009346,101052116,-1,ENSG00000188917,TRMT2B,,
chr22,31944522,31957603,1,ENSG00000128245,YWHAH,,
chr10,27672874,27746060,-1,ENSG00000150051,MKX,,
chr15,40087890,40108892,-1,ENSG00000104081,BMF,,
chr13,41566835,41961120,-1,ENSG00000102763,VWA8,,
chr10,17951839,18043292,1,ENSG00000148482,SLC39A12,,
chr15,39581079,39599466,1,ENSG00000137801,THBS1,,
chr15,40217428,40277487,1,ENSG00000137843,PAK6,,
chr22,24417879,24442357,1,ENSG00000128271,ADORA2A,,
chr13,20973036,21061586,-1,ENSG00000150457,LATS2,,
chrX,70444835,70505490,1,ENSG00000082458,DLG3,,
chr13,31846713,32299125,1,ENSG00000073910,FRY,,
chr14,33924227,34462774,-1,ENSG00000129521,EGLN3,,
chr20,35433347,35454746,-1,ENSG00000125965,GDF5,,
chr20,35455164,35519280,1,ENSG00000126001,CEP250,,
chr10,11823339,11872277,1,ENSG00000148426,PROSER2,,
chrX,63347228,63351332,-1,ENSG00000186767,SPIN4,,
chr22,29883169,30030868,1,ENSG00000100330,MTMR3,,
chr18,26852043,26865771,-1,ENSG00000171885,AQP4,,
chr13,51354077,51454264,-1,ENSG00000102786,INTS6,,
chr14,75427716,75474111,1,ENSG00000140044,JDP2,,
chr6,4706159,4955551,1,ENSG00000153046,CDYL,,
chr21,44246339,44262216,-1,ENSG00000142182,DNMT3L,,
chr22,25742144,26031045,1,ENSG00000133454,MYO18B,,
chr13,28820339,29505947,1,ENSG00000132938,MTUS2,,
chr15,26971181,27541984,1,ENSG00000182256,GABRG3,,
chr18,58671465,58754477,1,ENSG00000172175,MALT1,,
chr21,44497893,44711572,-1,ENSG00000175894,TSPEAR,,
chr15,40694774,40732340,1,ENSG00000051180,RAD51,,
chrX,70133447,70166324,1,ENSG00000089289,IGBP1,,
chr13,23288689,23433763,-1,ENSG00000151835,SACS,,
chr22,40370591,40410289,1,ENSG00000100359,SGSM3,,
chr20,18587942,18766644,1,ENSG00000125821,DTD1,,
chr21,44885953,44931989,-1,ENSG00000160255,ITGB2,,
chr13,111114559,111305737,1,ENSG00000102606,ARHGEF7,,
chr22,30925130,30968774,-1,ENSG00000133422,MORC2,,
chr18,5954706,6415237,-1,ENSG00000154655,L3MBTL4,,
chrX,138614727,139222777,-1,ENSG00000129682,FGF13,,
chr18,22169589,22202528,1,ENSG00000141448,GATA6,,
chr18,6729716,6915716,1,ENSG00000088756,ARHGAP28,,
chr6,38715311,39030792,1,ENSG00000124721,DNAH8,,
chr20,44337043,44351238,1,ENSG00000101074,R3HDML,,
chr20,31514410,31577923,1,ENSG00000101294,HM13,,
chrX,120109051,120115913,-1,ENSG00000101883,RHOXF1,,
chrX,149881141,149885835,1,ENSG00000156009,MAGEA8,,
chr21,45643694,45942454,1,ENSG00000183570,PCBP3,,
chr14,65410592,65744121,1,ENSG00000033170,FUT8,,
chrX,151176584,151181465,1,ENSG00000102195,GPR50,,
chr5,16067139,16180762,-1,ENSG00000183654,MARCHF11,,
chr10,75397830,75401764,-1,ENSG00000165655,ZNF503,,
chr22,38982347,38992804,1,ENSG00000179750,APOBEC3B,,
chr5,10441524,10472029,1,ENSG00000145491,ROPN1L,,
chr5,1877413,1887236,-1,ENSG00000113430,IRX4,,
chr13,112690038,112887168,1,ENSG00000068650,ATP11A,,
chr22,39457012,39492194,1,ENSG00000128268,MGAT3,,
chr5,9035033,9546075,-1,ENSG00000112902,SEMA5A,,
chr20,5950652,5998977,1,ENSG00000125885,MCM8,,
chr13,105465867,105491034,1,ENSG00000182346,DAOA,,
chr6,39792298,39904877,1,ENSG00000146122,DAAM2,,
chr21,46136160,46155579,-1,ENSG00000160282,FTCD,,
chr6,52497408,52577060,-1,ENSG00000065308,TRAM2,,
chr13,99606669,99909459,1,ENSG00000125246,CLYBL,,
chr6,38168451,38640148,-1,ENSG00000183826,BTBD9,,
chr21,36748626,36990236,-1,ENSG00000159267,HLCS,,
chr13,98793429,99086625,-1,ENSG00000088387,DOCK9,,
chr20,35285731,35292425,-1,ENSG00000125998,FAM83C,,
chr18,31318160,31359246,1,ENSG00000134760,DSG1,,
chr10,87225448,87236908,1,ENSG00000184923,NUTM2A,,
chr10,45000923,45005326,1,ENSG00000165512,ZNF22,,
chr18,9546791,9615240,-1,ENSG00000154845,PPP4R1,,
chr8,20246165,20303963,-1,ENSG00000061337,LZTS1,,
chrX,72578814,72714319,-1,ENSG00000067177,PHKA1,,
chr6,45328157,45664349,1,ENSG00000124813,RUNX2,,
chr5,10564070,10657816,1,ENSG00000164236,ANKRD33B,,
chr20,63743668,63832038,-1,ENSG00000130584,ZBTB46,,
chr20,34363241,34540748,1,ENSG00000078747,ITCH,,
chr14,73058532,73123899,1,ENSG00000119707,RBM25,,
chr21,42062959,42143453,1,ENSG00000177398,UMODL1,,
chrX,47651796,47659180,-1,ENSG00000126756,UXT,,
chr20,3107573,3160196,-1,ENSG00000185019,UBOX5,,
chr21,31118416,31559977,-1,ENSG00000156299,TIAM1,,
chr10,71212570,71302864,1,ENSG00000107731,UNC5B,,
chr10,85599552,86366795,-1,ENSG00000182771,GRID1,,
chr12,10212458,10223128,1,ENSG00000139112,GABARAPL1,,
chr10,77790791,77926755,-1,ENSG00000151208,DLG5,,
chr13,43213130,43786972,-1,ENSG00000120658,ENOX1,,
chrX,155489011,155719098,-1,ENSG00000185973,TMLHE,,
chr20,31664452,31723989,-1,ENSG00000171552,BCL2L1,,
chr20,21125983,21246622,1,ENSG00000088970,KIZ,,
chr5,34838833,34899456,1,ENSG00000205838,TTC23L,,
chr13,113324163,113364148,-1,ENSG00000139835,GRTP1,,
chr13,113455819,113490951,-1,ENSG00000150401,DCUN1D2,,
chr6,53929982,54266280,1,ENSG00000146147,MLIP,,
chr20,9514358,9530524,1,ENSG00000125869,LAMP5,,
chr15,40278176,40307935,-1,ENSG00000137841,PLCB2,,
chr20,1309909,1329139,-1,ENSG00000125775,SDCBP2,,
chr21,44350163,44443081,1,ENSG00000142185,TRPM2,,
chr13,79481124,79556077,1,ENSG00000102471,NDFIP2,,
chr10,80454166,80533124,1,ENSG00000108219,TSPAN14,,
chr21,29536933,29940033,-1,ENSG00000171189,GRIK1,,
chr20,46008908,46016561,1,ENSG00000100985,MMP9,,
chr13,77042474,77327094,-1,ENSG00000005810,MYCBP2,,
chr5,19471296,20575873,-1,ENSG00000145526,CDH18,,
chrX,103918896,103966712,1,ENSG00000158427,TMSB15B,,
chr6,57086844,57170305,1,ENSG00000112200,ZNF451,,
chr21,39556442,39673137,1,ENSG00000183778,B3GALT5,,
chr13,19674752,19783019,-1,ENSG00000121390,PSPC1,,
chr20,33731657,33792269,1,ENSG00000131061,ZNF341,,
chr6,73695785,73828316,1,ENSG00000156535,CD109,,
chr12,8822621,8887001,1,ENSG00000166535,A2ML1,,
chr11,1223066,1262172,1,ENSG00000117983,MUC5B,,
chr15,67254786,67502260,1,ENSG00000103599,IQCH,,
chr5,44300247,44389706,-1,ENSG00000070193,FGF10,,
chr6,89642498,89819794,-1,ENSG00000112159,MDN1,,
chr12,10372353,10391874,-1,ENSG00000213809,KLRK1,,
chr5,43486709,43515148,-1,ENSG00000172244,C5orf34,,
chr15,57953424,58497866,-1,ENSG00000128918,ALDH1A2,,
chr21,46235133,46286297,-1,ENSG00000160294,MCM3AP,,
chrX,73002939,73006106,1,ENSG00000184388,PABPC1L2B,,
chr11,2444684,2849105,1,ENSG00000053918,KCNQ1,,
chr12,2812622,2859791,1,ENSG00000111203,ITFG2,,
chr8,78516340,78605267,1,ENSG00000171033,PKIA,,
chr8,76681239,76867281,1,ENSG00000091656,ZFHX4,,
chr5,83471618,83582303,1,ENSG00000038427,VCAN,,
chrX,12906620,12923169,1,ENSG00000101916,TLR8,,
chr11,26188842,26663289,1,ENSG00000134343,ANO3,,
chr6,99918519,99994247,-1,ENSG00000152034,MCHR2,,
chr11,19182030,19210571,-1,ENSG00000129170,CSRP3,,
chr12,3791047,3873448,-1,ENSG00000111224,PARP11,,
chr5,41730065,41870425,-1,ENSG00000083720,OXCT1,,
chr14,55559072,55701526,1,ENSG00000126777,KTN1,,
chr12,15107783,15348675,-1,ENSG00000134533,RERG,,
chr18,67506587,67516720,-1,ENSG00000171451,DSEL,,
chr12,47079603,47236662,1,ENSG00000179715,PCED1B,,
chr6,125781161,125932034,1,ENSG00000111912,NCOA7,,
chr6,123216339,123637093,-1,ENSG00000186439,TRDN,,
chr18,31498177,31549008,1,ENSG00000046604,DSG2,,
chr21,37073226,37203112,1,ENSG00000182670,TTC3,,
chr5,77072072,77087285,-1,ENSG00000132846,ZBED3,,
chr20,19212642,19722926,1,ENSG00000185052,SLC24A3,,
chr19,15114984,15125786,-1,ENSG00000105135,ILVBL,,
chr11,27040725,27127809,1,ENSG00000129151,BBOX1,,
chr18,74597870,75065671,1,ENSG00000215421,ZNF407,,
chr9,22002903,22009305,-1,ENSG00000147883,CDKN2B,,
chr5,52989340,53094779,1,ENSG00000164171,ITGA2,,
chr8,68330955,68819023,1,ENSG00000165084,C8orf34,,
chr8,85373436,85449040,1,ENSG00000164879,CA3,,
chrX,153764196,153779346,1,ENSG00000198753,PLXNB3,,
chr22,41833079,41907307,1,ENSG00000198911,SREBF2,,
chr6,108848416,108974476,1,ENSG00000118690,ARMC2,,
chr8,73420369,73747708,-1,ENSG00000040341,STAU2,,
chr11,32387775,32435564,-1,ENSG00000184937,WT1,,
chrX,153861514,153886173,-1,ENSG00000198910,L1CAM,,
chr5,37812677,37840041,-1,ENSG00000168621,GDNF,,
chr14,22920525,22929408,-1,ENSG00000100462,PRMT5,,
chr20,62642503,62685785,1,ENSG00000101187,SLCO4A1,,
chr20,62804835,62814000,1,ENSG00000060491,OGFR,,
chr6,105096822,105137157,-1,ENSG00000112276,BVES,,
chr11,13962723,14268133,1,ENSG00000262655,SPON1,,
chr12,31073860,31104799,1,ENSG00000013573,DDX11,,
chr11,47269161,47330031,1,ENSG00000110514,MADD,,
chr5,81233320,81266398,1,ENSG00000131730,CKMT2,,
chr10,104309698,104338465,-1,ENSG00000148841,ITPRIP,,
chr15,58410569,58569844,1,ENSG00000166035,LIPC,,
chr5,81972023,82276857,1,ENSG00000152348,ATG10,,
chr22,32218464,32255347,-1,ENSG00000100191,SLC5A4,,
chr22,33162226,33922841,-1,ENSG00000133424,LARGE1,,
chr5,80960363,81230162,1,ENSG00000113319,RASGRF2,,
chr20,36091504,36232799,1,ENSG00000088367,EPB41L1,,
chr10,61406642,61453381,-1,ENSG00000196932,TMEM26,,
chr18,80157232,80247514,-1,ENSG00000178184,PARD6G,,
chr10,35247025,35572669,1,ENSG00000108100,CCNY,,
chrX,153947557,153971818,-1,ENSG00000172534,HCFC1,,
chr12,46358188,46372773,-1,ENSG00000134294,SLC38A2,,
chr4,9771153,10054936,-1,ENSG00000109667,SLC2A9,,
chr9,12775020,12823060,1,ENSG00000153714,LURAP1L,,
chr20,346782,359660,1,ENSG00000125841,NRSN2,,
chr15,73925989,73952137,1,ENSG00000129038,LOXL1,,
chr8,91070196,91087095,1,ENSG00000155100,OTUD6B,,
chr10,124619292,124744378,-1,ENSG00000189319,FAM53B,,
chr14,23559565,23568070,-1,ENSG00000213983,AP1G2,,
chr14,23953734,23969279,1,ENSG00000157326,DHRS4,,
chr2,3379675,3485094,1,ENSG00000171853,TRAPPC12,,
chr6,104936616,105083332,1,ENSG00000187772,LIN28B,,
chrX,103675496,103688158,-1,ENSG00000123562,MORF4L2,,
chr14,92936914,93116320,-1,ENSG00000100605,ITPK1,,
chr2,950849,1367613,1,ENSG00000172554,SNTG2,,
chrX,47983356,48071658,-1,ENSG00000221994,ZNF630,,
chr12,38646822,38907430,-1,ENSG00000139117,CPNE8,,
chr8,69667046,69834978,-1,ENSG00000137571,SLCO5A1,,
chrX,123859724,123913976,1,ENSG00000101966,XIAP,,
chr12,49961872,49965682,1,ENSG00000161798,AQP5,,
chr11,27365961,27472790,-1,ENSG00000205213,LGR4,,
chr6,54307859,54390142,1,ENSG00000137251,TINAG,,
chr6,84687351,84764598,-1,ENSG00000112837,TBX18,,
chr6,113933028,114011308,-1,ENSG00000196591,HDAC2,,
chr5,111496033,111512590,-1,ENSG00000164211,STARD4,,
chr10,125576522,125683163,-1,ENSG00000175018,TEX36,,
chr20,50888916,50931437,-1,ENSG00000101126,ADNP,,
chr14,51489100,51730727,1,ENSG00000139926,FRMD6,,
chr14,73237497,73274640,1,ENSG00000100767,PAPLN,,
chr8,86342547,86478420,1,ENSG00000123124,WWP1,,
chr6,116461370,116463771,1,ENSG00000188820,CALHM6,,
chr19,31149979,31349436,-1,ENSG00000121297,TSHZ3,,
chr6,111555381,111606906,-1,ENSG00000056972,TRAF3IP2,,
chr9,68328308,68531061,1,ENSG00000154330,PGM5,,
chr12,79773563,79935460,-1,ENSG00000058272,PPP1R12A,,
chr5,93583222,93594611,1,ENSG00000175745,NR2F1,,
chr10,125896564,126009592,1,ENSG00000203780,FANK1,,
chr8,96222947,96235546,-1,ENSG00000156467,UQCRB,,
chr20,3888839,3929887,1,ENSG00000125779,PANK2,,
chr2,38066973,38109902,-1,ENSG00000138061,CYP1B1,,
chr12,54395261,54419266,-1,ENSG00000161638,ITGA5,,
chr10,117241093,117279430,1,ENSG00000165646,SLC18A2,,
chr9,77423079,77648322,-1,ENSG00000156049,GNA14,,
chr9,74980790,75028423,-1,ENSG00000156017,CARNMT1,,
chr5,38258409,38465480,1,ENSG00000164318,EGFLAM,,
chr11,19224063,19241620,-1,ENSG00000129173,E2F8,,
chr11,44726465,44932423,1,ENSG00000157570,TSPAN18,,
chr9,83242990,83538546,-1,ENSG00000172159,FRMD3,,
chr5,112142441,112419313,-1,ENSG00000129595,EPB41L4A,,
chr5,135027734,135034813,-1,ENSG00000069011,PITX1,,
chr22,23894383,23895227,1,ENSG00000240972,MIF,,
chr6,149218641,149411613,1,ENSG00000055208,TAB2,,
chr15,63504511,63594640,1,ENSG00000140455,USP3,,
chr7,8113184,8262687,-1,ENSG00000003147,ICA1,,
chr10,125719515,125764143,1,ENSG00000107938,EDRF1,,
chr6,166409364,166906451,-1,ENSG00000071242,RPS6KA2,,
chr20,63400208,63472677,-1,ENSG00000075043,KCNQ2,,
chr9,83659968,83707958,-1,ENSG00000135018,UBQLN1,,
chr5,91368631,91383317,-1,ENSG00000113369,ARRDC3,,
chr2,45651345,46187990,1,ENSG00000171132,PRKCE,,
chr9,96235306,96302176,-1,ENSG00000130948,HSD17B3,,
chr10,131092391,131311721,-1,ENSG00000176769,TCERG1L,,
chr6,125747664,125761269,1,ENSG00000135547,HEY2,,
chr19,36817428,36850787,-1,ENSG00000197863,ZNF790,,
chr2,28392448,28417317,1,ENSG00000075426,FOSL2,,
chr7,549197,727650,-1,ENSG00000188191,PRKAR1B,,
chr10,81875194,82987179,1,ENSG00000185737,NRG3,,
chr5,111662621,111997464,-1,ENSG00000134986,NREP,,
chrX,132203024,132219480,-1,ENSG00000123728,RAP2C,,
chr10,109996368,110135565,1,ENSG00000148700,ADD3,,
chr14,28766787,28770277,1,ENSG00000176165,FOXG1,,
chr8,30384511,30572256,1,ENSG00000157110,RBPMS,,
chr14,75958097,75983011,-1,ENSG00000119699,TGFB3,,
chr17,212389,386254,-1,ENSG00000181031,RPH3AL,,
chr11,46856717,46918642,-1,ENSG00000134569,LRP4,,
chr10,25174802,25602229,1,ENSG00000151025,GPR158,,
chr10,99875577,100009947,-1,ENSG00000107554,DNMBP,,
chr19,44643798,44666162,1,ENSG00000073008,PVR,,
chr5,97160867,97183247,-1,ENSG00000058729,RIOK2,,
chr19,48270081,48287608,1,ENSG00000178150,ZNF114,,
chr11,27654893,27722058,-1,ENSG00000176697,BDNF,,
chr12,32106835,32383633,1,ENSG00000151746,BICD1,,
chr20,13995369,16053197,1,ENSG00000172264,MACROD2,,
chr19,43912624,43935282,-1,ENSG00000124459,ZNF45,,
chr20,36306336,36528637,1,ENSG00000080845,DLGAP4,,
chr6,148747030,149076990,1,ENSG00000111962,UST,,
chr9,77177445,77421537,1,ENSG00000197969,VPS13A,,
chr20,18288283,18316996,1,ENSG00000125846,ZNF133,,
chr5,79991311,80083287,1,ENSG00000113296,THBS4,,
chr5,43602692,43707405,1,ENSG00000112992,NNT,,
chr8,95244913,95269201,-1,ENSG00000156172,CFAP418,,
chr7,28995235,29195451,-1,ENSG00000106066,CPVL,,
chr8,109573978,109691791,-1,ENSG00000147642,SYBU,,
chrX,24558087,24672677,-1,ENSG00000102230,PCYT1B,,
chr20,58839718,58911192,1,ENSG00000087460,GNAS,,
chr9,70043848,70226972,1,ENSG00000165072,MAMDC2,,
chr19,58345178,58353492,-1,ENSG00000121410,A1BG,,
chr15,90930180,90954093,1,ENSG00000140553,UNC45A,,
chr19,44699151,44710718,1,ENSG00000213892,CEACAM16,,
chr18,13217498,13652755,1,ENSG00000168675,LDLRAD4,,
chr12,49836043,49843106,-1,ENSG00000186666,BCDIN3D,,
chr19,58561931,58573575,-1,ENSG00000099326,MZF1,,
chr15,60488284,61229302,-1,ENSG00000069667,RORA,,
chr12,51391317,51515763,1,ENSG00000050438,SLC4A8,,
chr10,102449837,102451543,-1,ENSG00000120055,C10orf95,,
chr19,58354357,58362848,-1,ENSG00000174586,ZNF497,,
chr5,98768650,98798643,1,ENSG00000174136,RGMB,,
chrX,135520659,135582510,1,ENSG00000165359,INTS6L,,
chr22,20999104,21002196,-1,ENSG00000184436,THAP7,,
chr6,112107931,112254939,-1,ENSG00000112769,LAMA4,,
chrX,24149173,24216255,1,ENSG00000005889,ZFX,,
chr3,196763,409417,1,ENSG00000134121,CHL1,,
chr8,119873717,120050918,1,ENSG00000155792,DEPTOR,,
chr10,49131154,49134021,-1,ENSG00000172538,FAM170B,,
chr10,50990888,52298423,1,ENSG00000185532,PRKG1,,
chr5,139795808,139844466,1,ENSG00000146005,PSD2,,
chr5,17065598,17276843,1,ENSG00000176788,BASP1,,
chr4,75940950,75990962,-1,ENSG00000198301,SDAD1,,
chr3,10992186,11039247,1,ENSG00000157103,SLC6A1,,
chr5,136132845,136188747,1,ENSG00000113658,SMAD5,,
chr7,20330702,20415754,1,ENSG00000105855,ITGB8,,
chr6,108041409,108165854,-1,ENSG00000081087,OSTM1,,
chr12,52607570,52618559,-1,ENSG00000186049,KRT73,,
chr4,76435229,76783253,1,ENSG00000138771,SHROOM3,,
chr6,160991727,161117385,1,ENSG00000085511,MAP3K4,,
chr4,38664197,38701517,1,ENSG00000109787,KLF3,,
chr11,100687288,100993941,1,ENSG00000165895,ARHGAP42,,
chr10,96998038,97185959,-1,ENSG00000187122,SLIT1,,
chr8,73294602,73325281,1,ENSG00000121039,RDH10,,
chr8,125024260,125091819,-1,ENSG00000164961,WASHC5,,
chr5,97091867,97142753,-1,ENSG00000145721,LIX1,,
chr10,5524961,5526771,1,ENSG00000178363,CALML3,,
chr3,16802651,17090604,1,ENSG00000154822,PLCL2,,
chr15,90966040,90995629,-1,ENSG00000198901,PRC1,,
chr3,21412218,22373321,-1,ENSG00000151789,ZNF385D,,
chr2,75469302,75569722,-1,ENSG00000115363,EVA1A,,
chr3,37452115,37823507,1,ENSG00000144668,ITGA9,,
chr1,8861000,8879190,-1,ENSG00000074800,ENO1,,
chr3,20160593,20186206,-1,ENSG00000129810,SGO1,,
chrX,108719946,108736563,-1,ENSG00000133124,IRS4,,
chrX,103607451,103629690,1,ENSG00000196507,TCEAL3,,
chr22,21919425,21952848,-1,ENSG00000100034,PPM1F,,
chr15,99098217,99135593,1,ENSG00000182253,SYNM,,
chr17,36088256,36090169,-1,ENSG00000277632,CCL3,,
chr4,41744082,41748725,-1,ENSG00000109132,PHOX2B,,
chr4,82900684,82919969,1,ENSG00000168152,THAP9,,
chr4,53459301,53701405,-1,ENSG00000072201,LNX1,,
chr5,147234963,147387855,1,ENSG00000169302,STK32A,,
chr2,44941702,44946071,1,ENSG00000138083,SIX3,,
chr4,80183879,80204329,1,ENSG00000152784,PRDM8,,
chr7,34658218,34878332,1,ENSG00000187258,NPSR1,,
chr5,138610967,138935034,1,ENSG00000044115,CTNNA1,,
chr20,41136960,41196801,1,ENSG00000124181,PLCG1,,
chr8,119165034,119245673,1,ENSG00000147676,MAL2,,
chr1,2590639,2633016,-1,ENSG00000142606,MMEL1,,
chr20,50190830,50192668,1,ENSG00000172216,CEBPB,,
chr9,129665647,129722674,1,ENSG00000167157,PRRX2,,
chr20,23350791,23354771,1,ENSG00000132661,NXT1,,
chr1,15152532,15220478,1,ENSG00000171729,TMEM51,,
chr1,1173880,1197936,1,ENSG00000162571,TTLL10,,
chr22,24952716,25197448,1,ENSG00000197077,KIAA1671,,
chr15,96325938,96340263,1,ENSG00000185551,NR2F2,,
chr3,8501807,8574668,1,ENSG00000071282,LMCD1,,
chr19,48047843,48110817,-1,ENSG00000105499,PLA2G4C,,
chr22,40410281,40636719,-1,ENSG00000196588,MRTFA,,
chr3,26622806,26717537,1,ENSG00000179796,LRRC3B,,
chr1,8352397,8848921,-1,ENSG00000142599,RERE,,
chr5,147585438,147782775,-1,ENSG00000176049,JAKMIP2,,
chr8,104590733,105804539,1,ENSG00000169946,ZFPM2,,
chr10,76869601,77638369,-1,ENSG00000156113,KCNMA1,,
chr2,86603398,86623866,-1,ENSG00000239305,RNF103,,
chr19,42752686,42855691,-1,ENSG00000124467,PSG8,,
chr22,15690026,15721631,1,ENSG00000198062,POTEH,,
chr22,25564675,25729294,1,ENSG00000100077,GRK3,,
chr4,74933095,75050115,1,ENSG00000169116,PARM1,,
chr4,103586031,103719985,-1,ENSG00000169836,TACR3,,
chr9,112380080,112472405,1,ENSG00000119471,HSDL2,,
chr6,79201245,79234738,-1,ENSG00000118418,HMGN3,,
chr8,143368876,143384221,1,ENSG00000158106,RHPN1,,
chr8,70635318,70669185,-1,ENSG00000147592,LACTB2,,
chrX,41514934,41923554,-1,ENSG00000147044,CASK,,
chr6,159169400,159272108,1,ENSG00000164694,FNDC1,,
chr15,100877714,100916626,1,ENSG00000184254,ALDH1A3,,
chr22,43197280,43343372,-1,ENSG00000159307,SCUBE1,,
chr22,31160182,31207019,1,ENSG00000138942,RNF185,,
chr16,27402174,27452042,1,ENSG00000103522,IL21R,,
chr6,34587288,34696859,-1,ENSG00000196821,ILRUN,,
chr2,54456317,54671446,1,ENSG00000115306,SPTBN1,,
chr9,134641803,134844843,1,ENSG00000130635,COL5A1,,
chr11,73308276,73369388,1,ENSG00000110237,ARHGEF17,,
chr19,35545600,35547526,1,ENSG00000105677,TMEM147,,
chr5,123089241,123194266,1,ENSG00000061455,PRDM6,,
chr22,27978014,28679840,-1,ENSG00000100154,TTC28,,
chr14,58244843,58272012,1,ENSG00000100567,PSMA3,,
chr19,55013705,55038264,-1,ENSG00000088053,GP6,,
chr11,74235801,74311640,-1,ENSG00000149380,P4HA3,,
chr3,6770001,7741533,1,ENSG00000196277,GRM7,,
chr9,133636363,133659329,1,ENSG00000123454,DBH,,
chr5,123023250,123036725,-1,ENSG00000168938,PPIC,,
chr9,74497335,74693177,1,ENSG00000198963,RORB,,
chr1,11106535,11262551,-1,ENSG00000198793,MTOR,,
chr4,105708778,105847725,1,ENSG00000138780,GSTCD,,
chr3,14810853,14934571,1,ENSG00000154783,FGD5,,
chr1,3652516,3736201,1,ENSG00000078900,TP73,,
chr2,105038069,105099960,1,ENSG00000135972,MRPS9,,
chr19,57280051,57294069,1,ENSG00000197714,ZNF460,,
chr11,72576141,72674591,-1,ENSG00000186642,PDE2A,,
chr3,40387184,40428744,1,ENSG00000168032,ENTPD3,,
chr4,104468308,104494901,-1,ENSG00000168772,CXXC4,,
chr3,28574791,30010391,1,ENSG00000144642,RBMS3,,
chr4,121035613,121073021,-1,ENSG00000173376,NDNF,,
chr12,89419718,89526047,-1,ENSG00000139323,POC1B,,
chr4,97184093,98143476,-1,ENSG00000163116,STPG2,,
chr7,93962762,94004382,-1,ENSG00000105829,BET1,,
chr1,6785454,7769706,1,ENSG00000171735,CAMTA1,,
chr7,50458436,50565405,-1,ENSG00000132437,DDC,,
chr6,100385009,100464921,-1,ENSG00000112246,SIM1,,
chr6,17615035,17706925,-1,ENSG00000124789,NUP153,,
chr16,47154387,47464149,-1,ENSG00000129636,ITFG1,,
chr19,52397849,52418412,1,ENSG00000167555,ZNF528,,
chr5,154445997,154461053,1,ENSG00000164576,SAP30L,,
chr8,103140713,103230305,1,ENSG00000164929,BAALC,,
chr4,109433772,109540896,1,ENSG00000138802,SEC24B,,
chr2,66433452,66573869,1,ENSG00000143995,MEIS1,,
chr20,10172395,10308258,1,ENSG00000132639,SNAP25,,
chr9,116153791,116402321,1,ENSG00000182752,PAPPA,,
chr16,61647242,62037035,-1,ENSG00000150394,CDH8,,
chr5,139647299,139683882,1,ENSG00000171604,CXXC5,,
chr8,56436674,56446671,-1,ENSG00000181195,PENK,,
chr16,25111731,25178231,1,ENSG00000205629,LCMT1,,
chr8,134477788,134713049,-1,ENSG00000066827,ZFAT,,
chr16,55389700,55506691,1,ENSG00000087245,MMP2,,
chr11,121452314,121633763,1,ENSG00000137642,SORL1,,
chr8,121612116,121641440,-1,ENSG00000170961,HAS2,,
chr20,46021690,46060150,1,ENSG00000124140,SLC12A5,,
chr17,40309180,40357643,1,ENSG00000131759,RARA,,
chr3,52812962,52830688,-1,ENSG00000055955,ITIH4,,
chr14,75578620,75663214,1,ENSG00000119686,FLVCR2,,
chr5,142770377,143229011,1,ENSG00000145819,ARHGAP26,,
chr1,16124337,16156069,-1,ENSG00000142627,EPHA2,,
chr1,16197854,16212652,-1,ENSG00000142632,ARHGEF19,,
chr1,13892792,15118043,1,ENSG00000189337,KAZN,,
chr19,45079195,45091518,1,ENSG00000142252,GEMIN7,,
chr11,119623408,119729200,-1,ENSG00000110400,NECTIN1,,
chrX,135094985,135098712,-1,ENSG00000196972,SMIM10L2B,,
chr6,29722775,29738528,1,ENSG00000204642,HLA-F,,
chr3,61561569,62297609,1,ENSG00000144724,PTPRG,,
chr2,42169353,42332548,1,ENSG00000143924,EML4,,
chr22,17137511,17165287,-1,ENSG00000069998,HDHD5,,
chr11,128458761,128587558,-1,ENSG00000134954,ETS1,,
chr2,109129205,109504634,1,ENSG00000172985,SH3RF3,,
chr2,113890063,113962596,1,ENSG00000115091,ACTR3,,
chr7,94907202,95296415,1,ENSG00000158528,PPP1R9A,,
chr12,93569814,93583487,1,ENSG00000120833,SOCS2,,
chr1,6205475,6221299,1,ENSG00000158286,RNF207,,
chr11,126423358,127003460,-1,ENSG00000149571,KIRREL3,,
chr5,149345430,149354583,1,ENSG00000164284,GRPEL2,,
chr2,158171073,158456753,-1,ENSG00000153237,CCDC148,,
chrX,2828822,2882820,1,ENSG00000056998,GYG2,,
chr2,173075435,173268015,1,ENSG00000091436,MAP3K20,,
chr1,17406760,17439677,-1,ENSG00000179051,RCC2,,
chr3,2098813,3057959,1,ENSG00000144619,CNTN4,,
chrX,2903972,2929349,-1,ENSG00000006756,ARSD,,
chr2,86503430,86563479,-1,ENSG00000115561,CHMP3,,
chr6,43040777,43075095,1,ENSG00000137171,KLC4,,
chr4,138164097,138242349,-1,ENSG00000151012,SLC7A11,,
chr8,18055992,18084998,-1,ENSG00000104763,ASAH1,,
chr12,53938831,53946544,1,ENSG00000123364,HOXC13,,
chr19,48180770,48255946,-1,ENSG00000105483,CARD8,,
chrX,22032325,22494713,1,ENSG00000102174,PHEX,,
chr11,124752583,124762290,-1,ENSG00000149564,ESAM,,
chr1,35268709,35422058,1,ENSG00000146463,ZMYM4,,
chr2,100820139,100996829,1,ENSG00000170485,NPAS2,,
chr14,30559158,30620064,1,ENSG00000092140,G2E3,,
chrX,107449652,107605255,1,ENSG00000147234,FRMPD3,,
chr16,86566829,86569728,1,ENSG00000176692,FOXC2,,
chr5,38474668,38608354,-1,ENSG00000113594,LIFR,,
chr9,137605685,137615360,1,ENSG00000197070,ARRDC1,,
chr20,44355700,44432845,1,ENSG00000101076,HNF4A,,
chr4,100185870,100190782,-1,ENSG00000145358,DDIT4L,,
chr9,101473170,101533537,-1,ENSG00000165152,PGAP4,,
chr15,45252234,45277846,1,ENSG00000137860,SLC28A2,,
chr12,117038923,117099479,-1,ENSG00000088992,TESC,,
chr20,57391396,57409333,1,ENSG00000132819,RBM38,,
chr4,88725955,89111398,-1,ENSG00000138640,FAM13A,,
chr14,89124871,89619149,-1,ENSG00000053254,FOXN3,,
chr11,64244479,64246943,-1,ENSG00000173457,PPP1R14B,,
chr19,46647551,46661182,-1,ENSG00000197380,DACT3,,
chr3,57625454,57693077,-1,ENSG00000174839,DENND6A,,
chr3,54122547,55074557,1,ENSG00000157445,CACNA2D3,,
chr1,60865259,61462788,1,ENSG00000162599,NFIA,,
chr16,80540734,80550811,1,ENSG00000168589,DYNLRB2,,
chr1,52020131,52055191,-1,ENSG00000117862,TXNDC12,,
chr2,172735274,173052893,1,ENSG00000091428,RAPGEF4,,
chr4,144646156,144745271,1,ENSG00000164161,HHIP,,
chr12,45014672,45051099,-1,ENSG00000185610,DBX2,,
chrX,46497725,46545457,-1,ENSG00000251192,ZNF674,,
chr12,57128483,57213361,1,ENSG00000123384,LRP1,,
chr6,138773769,138793319,1,ENSG00000024862,CCDC28A,,
chr3,73382431,73624941,-1,ENSG00000121440,PDZRN3,,
chr19,9604680,9621236,-1,ENSG00000171469,ZNF561,,
chr1,63322567,63325128,1,ENSG00000187140,FOXD3,,
chr6,31530219,31542448,-1,ENSG00000198563,DDX39B,,
chr19,47745546,47757058,1,ENSG00000105373,NOP53,,
chr14,39031919,39109646,-1,ENSG00000100934,SEC23A,,
chrX,151912495,151925171,1,ENSG00000147381,MAGEA4,,
chr8,737628,1708476,1,ENSG00000198010,DLGAP2,,
chr7,81946444,82443777,-1,ENSG00000153956,CACNA2D1,,
chr11,3217944,3218813,-1,ENSG00000182170,MRGPRG,,
chr6,31658298,31660778,-1,ENSG00000204439,C6orf47,,
chr14,55271344,55370053,1,ENSG00000178974,FBXO34,,
chr8,123851987,124120061,1,ENSG00000214814,FER1L6,,
chr19,36534774,36605276,-1,ENSG00000186020,ZNF529,,
chr7,112206695,112343934,1,ENSG00000198839,ZNF277,,
chr12,130953907,131141469,1,ENSG00000111452,ADGRD1,,
chr20,42072752,43189970,-1,ENSG00000196090,PTPRT,,
chrX,30827442,30975084,-1,ENSG00000157625,TAB3,,
chr5,150485818,150558211,1,ENSG00000070614,NDST1,,
chr2,196189099,196593684,-1,ENSG00000138411,HECW2,,
chr12,68154768,68159740,-1,ENSG00000111537,IFNG,,
chr16,3129777,3142804,1,ENSG00000085644,ZNF213,,
chrX,147911919,147951125,1,ENSG00000102081,FMR1,,
chr19,40440844,40444335,-1,ENSG00000167565,SERTAD3,,
chr6,31762996,31764851,1,ENSG00000228727,SAPCD1,,
chr1,67701475,67833467,-1,ENSG00000172380,GNG12,,
chr3,50341110,50345732,-1,ENSG00000004838,ZMYND10,,
chr7,126438598,127253093,-1,ENSG00000179603,GRM8,,
chr6,136557046,136792477,-1,ENSG00000197442,MAP3K5,,
chr2,135905881,135986100,-1,ENSG00000115866,DARS1,,
chr4,143513702,143557486,1,ENSG00000153147,SMARCA5,,
chr3,113002444,113019861,-1,ENSG00000163608,NEPRO,,
chr19,55158661,55166722,-1,ENSG00000167646,DNAAF3,,
chr12,111842228,111902222,1,ENSG00000089022,MAPKAPK5,,
chr9,130902438,130939286,-1,ENSG00000130720,FIBCD1,,
chr9,129175552,129178261,-1,ENSG00000188483,IER5L,,
chr16,4314761,4339597,1,ENSG00000126603,GLIS2,,
chr10,20779973,21293011,-1,ENSG00000078114,NEBL,,
chr12,109023089,109088023,1,ENSG00000135093,USP30,,
chr1,43650149,43705518,1,ENSG00000066135,KDM4A,,
chr6,43576185,43620523,1,ENSG00000170734,POLH,,
chr6,73489308,73525587,-1,ENSG00000156508,EEF1A1,,
chr20,44714844,44728509,1,ENSG00000064205,CCN5,,
chr17,58301228,58328795,-1,ENSG00000005379,TSPOAP1,,
chr7,97005553,97011040,1,ENSG00000006377,DLX6,,
chr9,16409503,16870843,-1,ENSG00000173068,BNC2,,
chr5,76083383,76353939,1,ENSG00000122012,SV2C,,
chr7,124822386,124929983,-1,ENSG00000128513,POT1,,
chrX,17375200,17735994,1,ENSG00000188158,NHS,,
chr4,168497052,168928457,1,ENSG00000129116,PALLD,,
chr6,31879759,31897687,-1,ENSG00000204371,EHMT2,,
chr2,143091362,143768352,1,ENSG00000075884,ARHGAP15,,
chr7,107743949,107761667,1,ENSG00000105879,CBLL1,,
chr11,1947278,1984522,1,ENSG00000214026,MRPL23,,
chr9,136796338,136807741,1,ENSG00000213213,CCDC183,,
chr17,61399843,61409466,1,ENSG00000121068,TBX2,,
chr11,35251205,35420063,-1,ENSG00000110436,SLC1A2,,
chr10,116671192,116850251,-1,ENSG00000165868,HSPA12A,,
chr19,48900312,48923372,1,ENSG00000104805,NUCB1,,
chr17,66302613,66810743,1,ENSG00000154229,PRKCA,,
chr10,73644881,73663803,-1,ENSG00000166317,SYNPO2L,,
chr7,141708353,141731271,1,ENSG00000214102,WEE2,,
chr10,73785606,73801797,1,ENSG00000214655,ZSWIM8,,
chr4,152320544,152536092,-1,ENSG00000109670,FBXW7,,
chr12,129071725,129904025,-1,ENSG00000151952,TMEM132D,,
chr2,114442299,115845780,1,ENSG00000175497,DPP10,,
chr16,31201486,31203450,-1,ENSG00000103490,PYCARD,,
chr10,49299170,49327492,1,ENSG00000177354,C10orf71,,
chrX,96684712,97604997,1,ENSG00000147202,DIAPH2,,
chr19,12922479,12934037,-1,ENSG00000179115,FARSA,,
chr4,182143987,182803024,1,ENSG00000218336,TENM3,,
chr4,176319966,176332245,1,ENSG00000129128,SPCS3,,
chr17,49495293,49515008,1,ENSG00000064300,NGFR,,
chr17,50862223,50867978,-1,ENSG00000141232,TOB1,,
chr3,113286930,113441610,-1,ENSG00000206530,CFAP44,,
chr12,114670255,114684175,-1,ENSG00000135111,TBX3,,
chr5,177446445,177456286,1,ENSG00000131188,PRR7,,
chr5,177483394,177497606,-1,ENSG00000196923,PDLIM7,,
chr3,118900557,119146068,-1,ENSG00000144847,IGSF11,,
chr1,88684222,88836255,1,ENSG00000065243,PKN2,,
chr3,108958248,109118134,-1,ENSG00000114487,MORC1,,
chr12,23529504,24562544,-1,ENSG00000134532,SOX5,,
chr7,157539056,158587823,-1,ENSG00000155093,PTPRN2,,
chr3,115802363,117139389,-1,ENSG00000185565,LSAMP,,
chr17,74748628,74769353,1,ENSG00000109062,SLC9A3R1,,
chr6,70412941,70561174,1,ENSG00000082269,FAM135A,,
chr1,94974405,95072951,-1,ENSG00000172339,ALG14,,
chrX,115561174,115650861,1,ENSG00000102024,PLS3,,
chr3,119211732,119240946,-1,ENSG00000121578,B4GALT4,,
chrX,123960212,124422664,1,ENSG00000101972,STAG2,,
chr5,443175,471937,1,ENSG00000180104,EXOC3,,
chr2,119223831,119265652,1,ENSG00000115107,STEAP3,,
chr5,470456,524449,-1,ENSG00000066230,SLC9A3,,
chr2,199269500,199471266,-1,ENSG00000119042,SATB2,,
chr7,107044705,107161811,1,ENSG00000005249,PRKAR2B,,
chr10,3137728,3172841,-1,ENSG00000107959,PITRM1,,
chr2,191949043,192194933,-1,ENSG00000144339,TMEFF2,,
chr17,67070444,67245989,-1,ENSG00000198265,HELZ,,
chr1,93561741,93847150,-1,ENSG00000137936,BCAR3,,
chr6,127968785,128520616,-1,ENSG00000152894,PTPRK,,
chr10,79937467,79982614,-1,ENSG00000133661,SFTPD,,
chr10,80078646,80092557,1,ENSG00000133678,TMEM254,,
chr3,23805955,23891640,1,ENSG00000170142,UBE2E1,,
chr2,205993721,206086303,-1,ENSG00000114933,INO80D,,
chr3,40309707,40312424,1,ENSG00000114784,EIF1B,,
chr1,107571161,107965180,-1,ENSG00000134215,VAV3,,
chr4,95162504,95549206,-1,ENSG00000182168,UNC5C,,
chr3,50155045,50189075,1,ENSG00000001617,SEMA3F,,
chr4,183099257,183320777,1,ENSG00000151718,WWC2,,
chr9,33104082,33167356,-1,ENSG00000086062,B4GALT1,,
chr9,105558122,105653820,1,ENSG00000106692,FKTN,,
chr15,79898840,79923702,-1,ENSG00000180953,ST20,,
chr1,97077743,97995000,-1,ENSG00000188641,DPYD,,
chr2,161136908,161236230,1,ENSG00000136560,TANK,,
chr3,133400056,133475222,1,ENSG00000170819,BFSP2,,
chr12,114353911,114408442,-1,ENSG00000089225,TBX5,,
chr5,131949973,132012243,-1,ENSG00000164398,ACSL6,,
chr2,187341964,187448460,-1,ENSG00000064989,CALCRL,,
chrX,49187815,49200218,-1,ENSG00000102003,SYP,,
chr17,48133442,48430275,-1,ENSG00000141293,SKAP1,,
chr1,94148988,94275068,-1,ENSG00000137962,ARHGAP29,,
chr2,196967017,197311173,-1,ENSG00000065413,ANKRD44,,
chr6,10393186,10419659,-1,ENSG00000137203,TFAP2A,,
chr3,58633946,58666834,-1,ENSG00000198643,FAM3D,,
chr10,32267751,32378798,-1,ENSG00000120616,EPC1,,
chr1,18107798,18378483,1,ENSG00000117154,IGSF21,,
chrX,38801440,38806537,1,ENSG00000165175,MID1IP1,,
chr4,155208636,155217078,1,ENSG00000185149,NPY2R,,
chr7,107660828,107717809,1,ENSG00000091137,SLC26A4,,
chr15,69298912,69407780,1,ENSG00000137819,PAQR5,,
chr7,151556124,151877125,-1,ENSG00000106617,PRKAG2,,
chr3,136946230,137011085,1,ENSG00000174564,IL20RB,,
chr17,50560715,50627474,1,ENSG00000006283,CACNA1G,,
chrX,31097677,33339609,-1,ENSG00000198947,DMD,,
chr15,69414246,69448427,1,ENSG00000137807,KIF23,,
chr6,157700387,157945077,1,ENSG00000130340,SNX9,,
chr19,37554782,37594792,-1,ENSG00000180479,ZNF571,,
chr1,43389882,43454247,1,ENSG00000198198,SZT2,,
chr8,141117278,141195808,1,ENSG00000105339,DENND3,,
chr14,71320449,71741229,1,ENSG00000197555,SIPA1L1,,
chr5,160187367,160238735,1,ENSG00000170231,FABP6,,
chr5,88717117,88904257,-1,ENSG00000081189,MEF2C,,
chr8,118189455,118622112,-1,ENSG00000177570,SAMD12,,
chr14,64503712,64533690,1,ENSG00000126804,ZBTB1,,
chr14,61695513,61748259,1,ENSG00000100644,HIF1A,,
chr6,36196744,36232790,1,ENSG00000096070,BRPF3,,
chr2,202073255,202205188,1,ENSG00000182329,KIAA2012,,
chr7,154943687,155003124,-1,ENSG00000157212,PAXIP1,,
chr3,111070071,111275563,1,ENSG00000177707,NECTIN3,,
chr3,111674676,111846447,1,ENSG00000240891,PLCXD2,,
chr6,36354091,36387800,-1,ENSG00000010030,ETV7,,
chr3,64092236,64445476,-1,ENSG00000163637,PRICKLE2,,
chr16,28878405,28904466,1,ENSG00000196296,ATP2A1,,
chr3,128064778,128153914,-1,ENSG00000175792,RUVBL1,,
chr1,113929324,113977869,1,ENSG00000163349,HIPK1,,
chr4,89700345,89838315,-1,ENSG00000145335,SNCA,,
chr15,101289784,101525202,-1,ENSG00000140479,PCSK6,,
chr2,236165236,236168386,-1,ENSG00000168505,GBX2,,
chr2,187464230,187565760,-1,ENSG00000003436,TFPI,,
chr7,20134655,20217404,-1,ENSG00000183742,MACC1,,
chr2,241551424,241574131,1,ENSG00000176720,BOK,,
chr14,64535905,64546173,1,ENSG00000126803,HSPA2,,
chr14,36516392,36521149,-1,ENSG00000136352,NKX2-1,,
chr5,168661733,169301139,-1,ENSG00000184347,SLIT3,,
chr14,56799905,56816693,-1,ENSG00000165588,OTX2,,
chr6,32840717,32844679,-1,ENSG00000204264,PSMB8,,
chr3,119294383,119420714,1,ENSG00000031081,ARHGAP31,,
chr10,89430299,89556641,-1,ENSG00000152779,SLC16A12,,
chr12,98515579,98550351,1,ENSG00000120802,TMPO,,
chr19,49850735,49860744,1,ENSG00000104960,PTOV1,,
chr16,853634,981318,-1,ENSG00000103227,LMF1,,
chr10,1018910,1025859,-1,ENSG00000148377,IDI2,,
chr9,121207794,121332843,1,ENSG00000148180,GSN,,
chrX,18892298,18984114,-1,ENSG00000044446,PHKA2,,
chr3,63228315,63616924,1,ENSG00000163630,SYNPR,,
chr15,41309273,41332591,-1,ENSG00000104147,OIP5,,
chr7,131110096,131496632,1,ENSG00000128585,MKLN1,,
chr12,9067664,9116229,-1,ENSG00000175899,A2M,,
chr7,27830573,28180795,-1,ENSG00000153814,JAZF1,,
chr10,71396920,71815947,1,ENSG00000107736,CDH23,,
chr2,210431249,210477652,-1,ENSG00000115365,LANCL1,,
chr5,136212745,136365545,-1,ENSG00000069018,TRPC7,,
chr9,33817160,33920399,1,ENSG00000107341,UBE2R2,,
chr4,173524969,173530229,-1,ENSG00000164107,HAND2,,
chr5,115578496,115602479,-1,ENSG00000243414,TICAM2,,
chr5,175917873,176034680,-1,ENSG00000051596,THOC3,,
chr9,128120693,128128462,-1,ENSG00000148334,PTGES2,,
chr8,28767661,28890242,-1,ENSG00000104299,INTS9,,
chr4,139453232,139476609,1,ENSG00000172007,RAB33B,,
chr1,110150494,110202202,1,ENSG00000197106,SLC6A17,,
chr14,76761468,76783015,1,ENSG00000071246,VASH1,,
chr10,95711779,95877266,1,ENSG00000138185,ENTPD1,,
chr7,40135005,40860763,1,ENSG00000175600,SUGCT,,
chr2,210021421,210171409,-1,ENSG00000144445,KANSL1L,,
chr11,61752636,61788518,1,ENSG00000124920,MYRF,,
chr14,80197526,80387757,-1,ENSG00000211448,DIO2,,
chr3,151733916,151761339,1,ENSG00000197953,AADACL2,,
chr10,104641290,105265242,1,ENSG00000156395,SORCS3,,
chr3,154121003,154257827,1,ENSG00000114790,ARHGEF26,,
chr8,106270144,106752694,1,ENSG00000164830,OXR1,,
chr19,34926903,34945170,1,ENSG00000168661,ZNF30,,
chr3,149369022,149377692,-1,ENSG00000169908,TM4SF1,,
chr9,26947039,27066134,1,ENSG00000096872,IFT74,,
chr5,61157704,61162468,-1,ENSG00000188725,SMIM15,,
chr3,143265222,143848485,-1,ENSG00000181804,SLC9A9,,
chr3,150741125,150763477,-1,ENSG00000181788,SIAH2,,
chr4,16160505,16227410,-1,ENSG00000169762,TAPT1,,
chr14,32076114,32159728,1,ENSG00000100852,ARHGAP5,,
chr6,30102897,30113090,-1,ENSG00000204616,TRIM31,,
chr15,50275389,50355408,-1,ENSG00000104064,GABPB1,,
chr5,122129546,122153569,1,ENSG00000164185,ZNF474,,
chr6,31863192,31879046,-1,ENSG00000204385,SLC44A4,,
chr8,71841560,71844412,-1,ENSG00000178860,MSC,,
chr8,143419182,143430732,-1,ENSG00000182759,MAFA,,
chrX,18675909,18827921,1,ENSG00000086717,PPEF1,,
chr4,57030773,57110385,-1,ENSG00000163453,IGFBP7,,
chr15,77613027,77820900,-1,ENSG00000169783,LINGO1,,
chr1,113894194,113905201,-1,ENSG00000134262,AP4B1,,
chr10,50305586,50625163,-1,ENSG00000198964,SGMS1,,
chrX,101622797,101627843,1,ENSG00000102401,ARMCX3,,
chr19,8389981,8404434,1,ENSG00000185236,RAB11B,,
chr7,100435282,100436497,-1,ENSG00000160813,PPP1R35,,
chr10,73436433,73496024,-1,ENSG00000107758,PPP3CB,,
chr9,35088688,35096601,-1,ENSG00000165282,PIGO,,
chrX,11822423,12724523,1,ENSG00000169933,FRMPD4,,
chrX,30653359,30731462,1,ENSG00000198814,GK,,
chr6,32288526,32371912,-1,ENSG00000204296,TSBP1,,
chr16,56191390,56357444,1,ENSG00000087258,GNAO1,,
chr9,34551432,34590140,-1,ENSG00000122756,CNTFR,,
chr2,236324147,236507535,-1,ENSG00000132321,IQCA1,,
chrX,10015254,10144474,1,ENSG00000047644,WWC3,,
chr15,100400395,100544995,-1,ENSG00000154227,CERS3,,
chr10,28532493,28623112,1,ENSG00000095787,WAC,,
chr6,30743199,30744548,-1,ENSG00000137331,IER3,,
chr4,39498755,39528311,-1,ENSG00000109814,UGDH,,
chr7,92604921,92836573,-1,ENSG00000105810,CDK6,,
chr11,3000922,3057613,-1,ENSG00000110619,CARS1,,
chr3,141876124,141926549,1,ENSG00000069849,ATP1B3,,
chr4,85990007,86594625,-1,ENSG00000109339,MAPK10,,
chr3,171843349,171938715,1,ENSG00000186329,TMEM212,,
chr3,150659885,150703971,-1,ENSG00000163645,ERICH6,,
chr12,109713825,109770495,1,ENSG00000139438,FAM222A,,
chr7,26291862,26374383,1,ENSG00000086300,SNX10,,
chrX,20124525,20141838,-1,ENSG00000173674,EIF1AX,,
chr11,69004395,69013382,-1,ENSG00000172935,MRGPRF,,
chr1,152302165,152325239,-1,ENSG00000143631,FLG,,
chr7,151375909,151410727,-1,ENSG00000187260,WDR86,,
chr6,159034468,159045152,-1,ENSG00000164691,TAGAP,,
chr8,11421476,11475908,-1,ENSG00000154319,FAM167A,,
chrX,132626015,132961395,-1,ENSG00000171004,HS6ST2,,
chr5,142310427,142326455,-1,ENSG00000187678,SPRY4,,
chr7,35632659,35697459,-1,ENSG00000122557,HERPUD2,,
chr12,48995149,48999375,-1,ENSG00000181418,DDN,,
chr10,101825974,101843920,-1,ENSG00000120049,KCNIP2,,
chr7,78017055,79453667,-1,ENSG00000187391,MAGI2,,
chr6,46852522,46954943,-1,ENSG00000069122,ADGRF5,,
chr5,170353487,170736632,1,ENSG00000182132,KCNIP1,,
chr10,86968432,86983934,1,ENSG00000148671,ADIRF,,
chr15,86079871,87049169,1,ENSG00000273540,AGBL1,,
chr2,240998618,241095568,1,ENSG00000162804,SNED1,,
chrX,111665811,111760649,1,ENSG00000101901,ALG13,,
chr10,133087924,133131675,1,ENSG00000197177,ADGRA1,,
chr15,73735458,73753351,-1,ENSG00000205363,INSYN1,,
chr11,124766498,124800706,-1,ENSG00000120458,MSANTD2,,
chr11,66257294,66267860,1,ENSG00000174996,KLC2,,
chr6,32014795,32035418,1,ENSG00000224389,C4B,,
chr10,31318495,31529814,1,ENSG00000148516,ZEB1,,
chr7,38977909,39493095,1,ENSG00000106536,POU6F2,,
chr1,68474152,68497221,-1,ENSG00000024526,DEPDC1,,
chr3,174438573,175810548,1,ENSG00000177694,NAALADL2,,
chr19,1941172,1981338,1,ENSG00000133275,CSNK1G2,,
chr8,1755778,1801711,1,ENSG00000182372,CLN8,,
chr7,140690777,140722790,1,ENSG00000090266,NDUFB2,,
chr8,1973677,2006936,1,ENSG00000176595,KBTBD11,,
chr12,111443485,111599676,-1,ENSG00000204842,ATXN2,,
chr16,70687439,70801160,-1,ENSG00000103043,VAC14,,
chrX,119468422,119471396,1,ENSG00000005022,SLC25A5,,
chr19,42401514,42427388,-1,ENSG00000079435,LIPE,,
chr3,169083499,169663775,-1,ENSG00000085276,MECOM,,
chr2,191245185,191425389,1,ENSG00000128641,MYO1B,,
chr5,116443555,116574823,-1,ENSG00000092421,SEMA6A,,
chr1,166057426,166167001,-1,ENSG00000188859,FAM78B,,
chr1,183023420,183145592,1,ENSG00000135862,LAMC1,,
chr5,150660882,150679368,1,ENSG00000164591,MYOZ3,,
chr15,72751294,72785846,-1,ENSG00000159322,ADPGK,,
chr16,2460086,2464963,1,ENSG00000162062,TEDC2,,
chr8,6406592,6648508,1,ENSG00000147316,MCPH1,,
chr6,2987987,3019755,1,ENSG00000124588,NQO2,,
chr11,554850,560738,-1,ENSG00000185522,LMNTD2,,
chr3,180602858,180684942,-1,ENSG00000284862,CCDC39,,
chr4,1211445,1249953,-1,ENSG00000159692,CTBP1,,
chr6,41546381,41602384,1,ENSG00000137166,FOXP4,,
chr14,23520857,23556192,-1,ENSG00000136367,ZFHX2,,
chr7,146116002,148420998,1,ENSG00000174469,CNTNAP2,,
chr12,4269771,4305353,1,ENSG00000118971,CCND2,,
chr6,73368555,73395133,-1,ENSG00000203907,OOEP,,
chr3,156673235,156706770,1,ENSG00000163659,TIPARP,,
chr7,16087525,16502504,-1,ENSG00000214960,CRPPA,,
chr3,170459548,170586075,-1,ENSG00000013293,SLC7A14,,
chr8,23190452,23225102,-1,ENSG00000104689,TNFRSF10A,,
chr9,2621182,2660056,1,ENSG00000147852,VLDLR,,
chr3,139935185,140577397,1,ENSG00000158258,CLSTN2,,
chr7,87152409,87196337,1,ENSG00000135164,DMTF1,,
chr4,15339818,15446167,1,ENSG00000163145,C1QTNF7,,
chr6,131948176,131951372,-1,ENSG00000118523,CCN2,,
chr2,191029576,191151596,-1,ENSG00000138378,STAT4,,
chr15,81331088,81374213,-1,ENSG00000188869,TMC3,,
chr1,200623896,200669907,-1,ENSG00000118197,DDX59,,
chr2,46541806,46584688,1,ENSG00000119729,RHOQ,,
chr4,84669597,84966690,-1,ENSG00000163625,WDFY3,,
chr15,48331011,48343373,1,ENSG00000128951,DUT,,
chr3,183487551,183555706,-1,ENSG00000172578,KLHL6,,
chr11,67428460,67435401,1,ENSG00000175634,RPS6KB2,,
chr3,64515654,64688000,-1,ENSG00000163638,ADAMTS9,,
chr16,89707134,89720898,-1,ENSG00000075399,VPS9D1,,
chr7,155070324,155087392,1,ENSG00000157219,HTR5A,,
chr16,84368527,84464187,1,ENSG00000064270,ATP2C2,,
chr11,8019244,8106243,1,ENSG00000166402,TUB,,
chr17,78423697,78577396,-1,ENSG00000187775,DNAH17,,
chr15,72398302,72408367,1,ENSG00000187806,TMEM202,,
chr15,72340924,72376420,-1,ENSG00000213614,HEXA,,
chr8,144428775,144444440,-1,ENSG00000160949,TONSL,,
chr1,219173869,219212865,1,ENSG00000143353,LYPLAL1,,
chr9,116423112,117415070,-1,ENSG00000148219,ASTN2,,
chr4,105145875,105279816,1,ENSG00000168769,TET2,,
chr4,122610108,122621066,-1,ENSG00000138684,IL21,,
chr2,74497517,74503316,-1,ENSG00000179528,LBX2,,
chr5,73444827,73448777,-1,ENSG00000251493,FOXD1,,
chr11,10812074,10858796,-1,ENSG00000236287,ZBED5,,
chr1,173477330,173488815,1,ENSG00000117592,PRDX6,,
chr15,90001324,90082206,1,ENSG00000140548,ZNF710,,
chr7,30010587,30026702,-1,ENSG00000106080,FKBP14,,
chr1,165201867,165356715,-1,ENSG00000162761,LMX1A,,
chr3,185190624,185281990,-1,ENSG00000113790,EHHADH,,
chr8,116845934,116874776,-1,ENSG00000164754,RAD21,,
chr6,33419661,33453689,1,ENSG00000197283,SYNGAP1,,
chr15,40844018,40858207,1,ENSG00000166145,SPINT1,,
chr5,151742316,151772532,-1,ENSG00000177556,ATOX1,,
chr11,1584342,1585283,-1,ENSG00000205869,KRTAP5-1,,
chr11,1597177,1598294,-1,ENSG00000205867,KRTAP5-2,,
chr10,101226994,101229463,-1,ENSG00000138136,LBX1,,
chr19,18929201,18941261,-1,ENSG00000051128,HOMER3,,
chr14,61187559,61550976,1,ENSG00000027075,PRKCH,,
chr7,128455849,128458418,1,ENSG00000135245,HILPDA,,
chr4,158124474,158173318,-1,ENSG00000164125,GASK1B,,
chr1,163111121,163321791,-1,ENSG00000143248,RGS5,,
chr1,217631324,217871696,1,ENSG00000162814,SPATA17,,
chr2,238138668,238152947,1,ENSG00000168427,KLHL30,,
chr3,183697797,183812624,1,ENSG00000163872,YEATS2,,
chr5,36192589,36242279,-1,ENSG00000152620,NADK2,,
chr9,128068201,128109245,1,ENSG00000148339,SLC25A25,,
chr16,50742050,50801935,1,ENSG00000083799,CYLD,,
chr4,48805212,48861817,1,ENSG00000109180,OCIAD1,,
chr14,39230231,39388513,1,ENSG00000150527,MIA2,,
chr9,3824127,4348392,-1,ENSG00000107249,GLIS3,,
chr15,82543201,82648861,-1,ENSG00000214575,CPEB1,,
chr6,16299112,16761491,-1,ENSG00000124788,ATXN1,,
chr3,195068284,195271159,-1,ENSG00000173950,XXYLT1,,
chr15,79282722,79298239,1,ENSG00000235711,ANKRD34C,,
chr3,189956728,190122437,-1,ENSG00000090530,P3H2,,
chr1,245154985,245709432,1,ENSG00000162849,KIF26B,,
chr3,188947214,189325304,1,ENSG00000188001,TPRG1,,
chr16,90019629,90044975,1,ENSG00000141013,GAS8,,
chr2,130836914,131047263,1,ENSG00000136002,ARHGEF4,,
chr15,66293217,66333898,1,ENSG00000166938,DIS3L,,
chr7,103352730,103446207,-1,ENSG00000170615,SLC26A5,,
chr3,196347662,196432430,-1,ENSG00000163960,UBXN7,,
chr6,114055596,114343023,-1,ENSG00000249853,HS3ST5,,
chr3,186842704,186858463,1,ENSG00000181092,ADIPOQ,,
chr3,193398967,193593111,-1,ENSG00000127249,ATP13A4,,
chr17,58345175,58353093,-1,ENSG00000213246,SUPT4H1,,
chr3,186046314,186110318,-1,ENSG00000244405,ETV5,,
chr10,43643860,43648881,-1,ENSG00000169740,ZNF32,,
chr6,124962437,125092633,1,ENSG00000146373,RNF217,,
chr3,57571363,57598220,-1,ENSG00000168374,ARF4,,
chr2,37923187,38067142,1,ENSG00000115841,RMDN2,,
chr4,108047545,108168956,-1,ENSG00000138795,LEF1,,
chr15,32718004,32745106,1,ENSG00000166923,GREM1,,
chr19,51689128,51712387,1,ENSG00000182310,SPACA6,,
chr8,123178960,123210079,1,ENSG00000147689,FAM83A,,
chr15,48178122,48203758,1,ENSG00000233932,CTXN2,,
chr14,34752731,34875647,-1,ENSG00000198604,BAZ1A,,
chr2,119439843,119525301,-1,ENSG00000080293,SCTR,,
chr3,149030127,149086554,-1,ENSG00000071794,HLTF,,
chr10,79703227,79714681,1,ENSG00000188199,NUTM2B,,
chr12,54369133,54391298,-1,ENSG00000161642,ZNF385A,,
chr4,2937933,2963406,-1,ENSG00000087269,NOP14,,
chr11,112961247,113278436,1,ENSG00000149294,NCAM1,,
chr10,79068966,79316519,1,ENSG00000108175,ZMIZ1,,
chr5,132190147,132295315,-1,ENSG00000072682,P4HA2,,
chr14,69259277,69357033,1,ENSG00000100626,GALNT16,,
chr19,38587641,38618882,-1,ENSG00000104814,MAP4K1,,
chr12,49950737,49958878,1,ENSG00000167580,AQP2,,
chr1,218345336,218444619,1,ENSG00000092969,TGFB2,,
chr12,20368537,20688583,1,ENSG00000172572,PDE3A,,
chr14,69191498,69244020,1,ENSG00000081177,EXD2,,
chr11,65787063,65797214,1,ENSG00000172818,OVOL1,,
chr10,63167221,63521850,-1,ENSG00000171988,JMJD1C,,
chr3,63833870,63863868,-1,ENSG00000163634,THOC7,,
chr5,179550554,179610012,1,ENSG00000176783,RUFY1,,
chr3,114314500,115147288,-1,ENSG00000181722,ZBTB20,,
chr15,42738730,42920809,-1,ENSG00000128881,TTBK2,,
chr6,152121687,152637801,-1,ENSG00000131018,SYNE1,,
chr7,2906142,3043867,-1,ENSG00000198286,CARD11,,
chr7,41667168,41705834,-1,ENSG00000122641,INHBA,,
chr4,55346213,55373100,1,ENSG00000128039,SRD5A3,,
chr11,30384493,30586872,-1,ENSG00000066382,MPPED2,,
chr4,25120014,25160550,-1,ENSG00000109618,SEPSECS,,
chr6,142058330,142147122,-1,ENSG00000135577,NMBR,,
chr2,107826892,107892544,1,ENSG00000196862,RGPD4,,
chr19,45606994,45645602,-1,ENSG00000125746,EML2,,
chr9,20658309,20995955,1,ENSG00000188352,FOCAD,,
chr7,100602363,100608175,1,ENSG00000106333,PCOLCE,,
chr3,24117153,24495756,-1,ENSG00000151090,THRB,,
chr4,145481194,145559176,1,ENSG00000170365,SMAD1,,
chr2,218959666,218962155,1,ENSG00000171450,CDK5R2,,
chr6,96521595,96555276,1,ENSG00000014123,UFL1,,
chr4,65319563,65670495,-1,ENSG00000145242,EPHA5,,
chr1,211743457,211830763,-1,ENSG00000123684,LPGAT1,,
chr10,6427143,6580301,-1,ENSG00000065675,PRKCQ,,
chr1,213983181,214041510,1,ENSG00000117707,PROX1,,
chr6,72621792,73198853,1,ENSG00000185760,KCNQ5,,
chr4,140257286,140385728,1,ENSG00000153130,SCOC,,
chr4,26857601,27025381,1,ENSG00000109689,STIM2,,
chr3,14145147,14178621,-1,ENSG00000154767,XPC,,
chr17,72121020,72126416,1,ENSG00000125398,SOX9,,
chr7,100826820,100867010,1,ENSG00000146828,SLC12A9,,
chr3,185643130,185825042,-1,ENSG00000073792,IGF2BP2,,
chr6,6588108,6654983,1,ENSG00000112799,LY86,,
chr3,126103562,126197994,-1,ENSG00000144908,ALDH1L1,,
chr11,4094707,4138932,1,ENSG00000167325,RRM1,,
chr6,167996241,168045091,1,ENSG00000125337,KIF25,,
chr10,132036336,132184858,1,ENSG00000188385,JAKMIP3,,
chr8,41529218,41545030,1,ENSG00000147536,GINS4,,
chr11,3854527,4093210,1,ENSG00000167323,STIM1,,
chr8,41577187,41625001,1,ENSG00000158669,GPAT4,,
chr5,132440440,132508719,-1,ENSG00000125347,IRF1,,
chr6,32659467,32668383,-1,ENSG00000179344,HLA-DQB1,,
chr3,177019340,177228000,-1,ENSG00000177565,TBL1XR1,,
chr4,7758714,7939926,-1,ENSG00000196526,AFAP1,,
chr1,205381378,205455954,-1,ENSG00000186007,LEMD1,,
chr3,196319342,196338503,-1,ENSG00000145107,TM4SF19,,
chr6,56457987,56954830,-1,ENSG00000151914,DST,,
chr4,107931549,107953461,1,ENSG00000155016,CYP2U1,,
chr14,93918894,93929608,1,ENSG00000140067,FAM181A,,
chr12,55725323,55729707,-1,ENSG00000135404,CD63,,
chr14,36677921,37172606,-1,ENSG00000183032,SLC25A21,,
chr15,40978880,41116280,-1,ENSG00000128908,INO80,,
chr4,102794383,102868896,-1,ENSG00000109332,UBE2D3,,
chr1,205227946,205285632,1,ENSG00000133069,TMCC2,,
chr11,83455012,85627922,-1,ENSG00000150672,DLG2,,
chr7,116953238,117230176,1,ENSG00000004866,ST7,,
chr16,66427295,66493529,1,ENSG00000166546,BEAN1,,
chr14,95086228,95158010,-1,ENSG00000100697,DICER1,,
chr17,42124978,42155044,-1,ENSG00000108774,RAB5C,,
chr1,215622891,216423448,-1,ENSG00000042781,USH2A,,
chr10,103493705,103592546,1,ENSG00000107954,NEURL1,,
chr10,11460510,11611666,-1,ENSG00000148429,USP6NL,,
chr7,128830406,128859274,1,ENSG00000128591,FLNC,,
chr15,90529923,90645345,1,ENSG00000140577,CRTC3,,
chr11,6621330,6655809,-1,ENSG00000166341,DCHS1,,
chr5,129460281,129738683,1,ENSG00000145808,ADAMTS19,,
chr6,30699807,30717447,-1,ENSG00000137337,MDC1,,
chr8,28600469,28756561,1,ENSG00000012232,EXTL3,,
chr11,76782251,76798153,1,ENSG00000182704,TSKU,,
chr10,93993931,94332823,1,ENSG00000138193,PLCE1,,
chr12,53299695,53307177,1,ENSG00000139637,MYG1,,
chr19,489176,505343,1,ENSG00000099866,MADCAM1,,
chr19,571277,583494,1,ENSG00000172270,BSG,,
chr10,8045378,8075198,1,ENSG00000107485,GATA3,,
chr10,110871795,110900006,1,ENSG00000150593,PDCD4,,
chr15,71096952,71783383,1,ENSG00000187720,THSD4,,
chr4,112818032,113384221,1,ENSG00000145362,ANK2,,
chr17,17042457,17217679,1,ENSG00000133030,MPRIP,,
chr19,3610645,3626815,-1,ENSG00000105298,CACTIN,,
chr6,36390551,36442854,-1,ENSG00000179165,PXT1,,
chr6,73241314,73310365,-1,ENSG00000135314,KHDC1,,
chr11,96389989,96507574,1,ENSG00000183340,JRKL,,
chr15,90954881,90963125,1,ENSG00000166965,RCCD1,,
chr15,32641676,32697098,1,ENSG00000166922,SCG5,,
chr19,34994784,35026471,1,ENSG00000089351,GRAMD1A,,
chr1,224434660,224740554,1,ENSG00000143786,CNIH3,,
chr1,233904676,234324511,1,ENSG00000183780,SLC35F3,,
chr5,60866454,60945073,-1,ENSG00000049167,ERCC8,,
chr1,245749342,246507312,-1,ENSG00000185420,SMYD3,,
chr11,8947202,8965011,-1,ENSG00000175348,TMEM9B,,
chr2,121726945,121736911,-1,ENSG00000155438,NIFK,,
chr10,89582988,89645242,-1,ENSG00000152782,PANK1,,
chr9,214854,465259,1,ENSG00000107099,DOCK8,,
chr10,88935074,88991339,-1,ENSG00000107796,ACTA2,,
chr1,210232796,210246631,1,ENSG00000082497,SERTAD4,,
chr10,73183362,73247255,-1,ENSG00000213551,DNAJC9,,
chr10,73248843,73252693,-1,ENSG00000182180,MRPS16,,
chr5,16473038,16617101,-1,ENSG00000154153,RETREG1,,
chr6,135181308,135219173,1,ENSG00000118513,MYB,,
chr9,8314246,10613002,-1,ENSG00000153707,PTPRD,,
chr1,186443566,186461114,-1,ENSG00000116703,PDC,,
chr15,87859751,88256791,-1,ENSG00000140538,NTRK3,,
chr1,20633458,20651511,1,ENSG00000158828,PINK1,,
chr10,10798397,11336675,1,ENSG00000048740,CELF2,,
chr7,122301303,122310691,-1,ENSG00000128610,FEZF1,,
chr3,38453890,38493142,1,ENSG00000114739,ACVR2B,,
chr2,62673851,63046487,1,ENSG00000115504,EHBP1,,
chr16,2752626,2772538,1,ENSG00000167978,SRRM2,,
chr15,41895933,41972557,-1,ENSG00000103966,EHD4,,
chr15,41981394,42051190,-1,ENSG00000188089,PLA2G4E,,
chr15,63042632,63071915,1,ENSG00000140416,TPM1,,
chr19,54115410,54131719,1,ENSG00000105618,PRPF31,,
chr1,116372668,116410261,1,ENSG00000163399,ATP1A1,,
chr2,168456249,168775134,1,ENSG00000172292,CERS6,,
chr10,17228241,17237593,1,ENSG00000026025,VIM,,
chr10,44911316,44937010,1,ENSG00000187783,TMEM72,,
chr3,4979437,4985323,1,ENSG00000134107,BHLHE40,,
chr1,155195588,155209051,-1,ENSG00000169231,THBS3,,
chr9,128455186,128501292,1,ENSG00000136811,ODF2,,
chr10,103594027,103855584,-1,ENSG00000107957,SH3PXD2A,,
chr5,135579202,135889770,1,ENSG00000145832,SLC25A48,,
chr19,7348937,7472485,1,ENSG00000104880,ARHGEF18,,
chr7,143279957,143288048,1,ENSG00000178826,TMEM139,,
chr16,30923055,30948783,1,ENSG00000099364,FBXL19,,
chr17,10699015,10730023,-1,ENSG00000187824,TMEM220,,
chr7,143353400,143362770,-1,ENSG00000159784,FAM131B,,
chr5,181193924,181205293,-1,ENSG00000146054,TRIM7,,
chr7,143390289,143408856,-1,ENSG00000146904,EPHA1,,
chr19,35040506,35066573,1,ENSG00000105707,HPN,,
chr12,65824460,65966291,1,ENSG00000149948,HMGA2,,
chr2,208236229,208266074,-1,ENSG00000138413,IDH1,,
chr5,181254077,181261150,-1,ENSG00000183718,TRIM52,,
chr1,239386565,239915452,1,ENSG00000133019,CHRM3,,
chr19,4675224,4724673,-1,ENSG00000142002,DPP9,,
chr11,72685069,72793599,-1,ENSG00000186635,ARAP1,,
chr2,170178145,170655171,1,ENSG00000071909,MYO3B,,
chr7,36852906,37449223,-1,ENSG00000155849,ELMO1,,
chr16,3046062,3060726,1,ENSG00000008516,MMP25,,
chr9,137251261,137253483,1,ENSG00000197768,STPG3,,
chr3,64010550,64024010,-1,ENSG00000163636,PSMD6,,
chr3,155375580,155745071,-1,ENSG00000114805,PLCH1,,
chr3,149517235,149736714,-1,ENSG00000018408,WWTR1,,
chr19,53864763,53876435,1,ENSG00000179820,MYADM,,
chr3,147386046,147406809,-1,ENSG00000174963,ZIC4,,
chr1,165544000,165563957,1,ENSG00000162763,LRRC52,,
chr6,158765741,158819368,-1,ENSG00000092820,EZR,,
chr1,50024029,50203772,1,ENSG00000162374,ELAVL4,,
chr2,102064544,102179874,1,ENSG00000115594,IL1R1,,
chr7,104328603,104908561,1,ENSG00000187416,LHFPL3,,
chr4,3041363,3243957,1,ENSG00000197386,HTT,,
chr3,56727418,57079329,-1,ENSG00000163947,ARHGEF3,,
chr1,234373456,234385080,1,ENSG00000168275,COA6,,
chr7,88205115,88226993,-1,ENSG00000075142,SRI,,
chr6,162727132,163315500,1,ENSG00000112530,PACRG,,
chr1,69567922,70151945,1,ENSG00000033122,LRRC7,,
chr1,164555584,164899296,1,ENSG00000185630,PBX1,,
chr2,121337776,121649476,-1,ENSG00000074054,CLASP1,,
chr16,81006552,81033114,1,ENSG00000166451,CENPN,,
chr12,6444955,6451718,1,ENSG00000139193,CD27,,
chr3,113532555,113629575,1,ENSG00000072858,SIDT1,,
chr1,47438044,47440691,1,ENSG00000186564,FOXD2,,
chr4,81087370,81215222,-1,ENSG00000138669,PRKG2,,
chr4,61200326,62078335,1,ENSG00000150471,ADGRL3,,
chr1,43705824,43931165,1,ENSG00000126091,ST3GAL3,,
chr9,135479079,135488893,1,ENSG00000196422,PPP1R26,,
chr6,28107689,28130082,1,ENSG00000196812,ZSCAN16,,
chr19,51889235,51905040,-1,ENSG00000198093,ZNF649,,
chr19,51964340,51986856,-1,ENSG00000256683,ZNF350,,
chr12,89588049,89709300,-1,ENSG00000070961,ATP2B1,,
chr5,141515016,141619055,-1,ENSG00000131504,DIAPH1,,
chr4,107824563,107915047,1,ENSG00000164023,SGMS2,,
chr7,144312419,144322737,1,ENSG00000221970,OR2A1,,
chr12,81257975,81759553,-1,ENSG00000139220,PPFIA2,,
chr5,66596380,67169593,1,ENSG00000069020,MAST4,,
chr7,156640281,156677130,1,ENSG00000105982,RNF32,,
chr4,4415742,4542346,-1,ENSG00000168818,STX18,,
chr3,49554477,49671549,1,ENSG00000164061,BSN,,
chr5,94703690,95285094,-1,ENSG00000175471,MCTP1,,
chr7,156994051,157010663,-1,ENSG00000130675,MNX1,,
chr16,8892097,8975328,-1,ENSG00000187555,USP7,,
chr6,149883179,149898113,-1,ENSG00000164520,RAET1E,,
chr3,9945542,9952408,-1,ENSG00000163704,PRRT3,,
chr6,32393339,32407181,-1,ENSG00000204290,BTNL2,,
chr6,143536845,143831185,1,ENSG00000112419,PHACTR2,,
chr16,71565660,71577092,-1,ENSG00000198650,TAT,,
chr7,55019017,55211628,1,ENSG00000146648,EGFR,,
chr6,147204417,147390476,1,ENSG00000164506,STXBP5,,
chr7,27181157,27185232,-1,ENSG00000005073,HOXA11,,
chr7,27242700,27250493,1,ENSG00000106038,EVX1,,
chr16,78099400,79212667,1,ENSG00000186153,WWOX,,
chr11,116835751,116837622,-1,ENSG00000118137,APOA1,,
chr5,137937960,138051961,-1,ENSG00000031003,FAM13B,,
chr3,55465715,55490539,-1,ENSG00000114251,WNT5A,,
chr7,149872968,149891204,1,ENSG00000171130,ATP6V0E2,,
chr7,27739331,27844564,1,ENSG00000106052,TAX1BP1,,
chr7,86643909,86864879,1,ENSG00000198822,GRM3,,
chr19,56219670,56368383,-1,ENSG00000131848,ZSCAN5A,,
chr7,100969565,101018939,1,ENSG00000205277,MUC12,,
chr3,52287089,52295257,1,ENSG00000168237,GLYCTK,,
chr7,150368189,150374044,1,ENSG00000214022,REPIN1,,
chr7,150368790,150398630,1,ENSG00000196456,ZNF775,,
chr3,84958989,86074429,1,ENSG00000175161,CADM2,,
chr17,49289206,49362473,-1,ENSG00000198740,ZNF652,,
chr7,92084987,92134803,-1,ENSG00000001630,CYP51A1,,
chr7,144186083,144195879,-1,ENSG00000213214,ARHGEF35,,
chr5,163460203,163491941,1,ENSG00000072571,HMMR,,
chr19,51331536,51342139,-1,ENSG00000186806,VSIG10L,,
chr19,51410020,51417803,-1,ENSG00000142512,SIGLEC10,,
chr5,78360611,78480739,1,ENSG00000085365,SCAMP1,,
chr4,186266189,186289681,1,ENSG00000088926,F11,,
chr3,150926163,150972727,-1,ENSG00000163646,CLRN1,,
chr17,12665890,12768949,1,ENSG00000141052,MYOCD,,
chr19,54448887,54462016,1,ENSG00000167615,LENG8,,
chr17,58353676,58417595,-1,ENSG00000108375,RNF43,,
chr6,31897785,31945673,1,ENSG00000166278,C2,,
chr3,194587673,194633689,-1,ENSG00000145014,TMEM44,,
chr4,112513516,112516180,-1,ENSG00000178403,NEUROG2,,
chr4,112539333,112636995,-1,ENSG00000138658,ZGRF1,,
chr7,47740202,47948466,-1,ENSG00000158683,PKD1L1,,
chr17,28577565,28599025,-1,ENSG00000076382,SPAG5,,
chr12,49293252,49298686,1,ENSG00000135406,PRPH,,
chr12,49323236,49331731,1,ENSG00000135451,TROAP,,
chr7,123567010,123639481,1,ENSG00000146809,ASB15,,
chr7,111726110,112206407,-1,ENSG00000128512,DOCK4,,
chr12,113462033,113472280,-1,ENSG00000089116,LHX5,,
chr4,625573,670782,1,ENSG00000133256,PDE6B,,
chr19,1259384,1274880,1,ENSG00000099622,CIRBP,,
chr17,70168673,70180044,1,ENSG00000123700,KCNJ2,,
chr2,101007228,101252866,-1,ENSG00000204634,TBC1D8,,
chr7,29146569,29514328,1,ENSG00000106069,CHN2,,
chr11,43880811,43920274,1,ENSG00000166199,ALKBH3,,
chr6,31982052,32002681,1,ENSG00000244731,C4A,,
chr3,126006357,126101561,-1,ENSG00000114544,SLC41A3,,
chr1,222557902,222589933,-1,ENSG00000143498,TAF1A,,
chr3,133038391,133397775,1,ENSG00000144868,TMEM108,,
chr2,219372043,219400022,-1,ENSG00000123992,DNPEP,,
chr3,193593144,193697811,1,ENSG00000198836,OPA1,,
chr7,3301252,4269000,1,ENSG00000146555,SDK1,,
chr12,56309842,56316119,-1,ENSG00000257727,CNPY2,,
chr19,56774547,56840731,-1,ENSG00000269699,ZIM2,,
chr11,117285232,117316259,-1,ENSG00000186318,BACE1,,
chr3,156037701,156539138,1,ENSG00000169282,KCNAB1,,
chr12,123289109,123364847,-1,ENSG00000139697,SBNO1,,
chr1,85265776,85276632,-1,ENSG00000142867,BCL10,,
chr19,12043805,12052961,-1,ENSG00000257446,ZNF878,,
chr11,10573091,10693988,-1,ENSG00000072952,IRAG1,,
chr1,23359448,23369836,-1,ENSG00000125945,ZNF436,,
chr19,37506939,37548762,1,ENSG00000188227,ZNF793,,
chr7,27170605,27180261,-1,ENSG00000253293,HOXA10,,
chr19,56439325,56478065,-1,ENSG00000198046,ZNF667,,
chr12,122271432,122422669,-1,ENSG00000130779,CLIP1,,
chr11,131370478,132336822,1,ENSG00000182667,NTM,,
chr7,137874979,138002086,-1,ENSG00000182158,CREB3L2,,
chr1,119031216,119140654,-1,ENSG00000116874,WARS2,,
chr3,179794958,180037053,-1,ENSG00000114757,PEX5L,,
chr12,76025447,76031776,-1,ENSG00000139289,PHLDA1,,
chr2,110732539,111120610,1,ENSG00000153093,ACOXL,,
chr17,4498881,4539035,1,ENSG00000183018,SPNS2,,
chr11,88504576,89065982,-1,ENSG00000168959,GRM5,,
chr7,74027789,74069907,1,ENSG00000049540,ELN,,
chr3,155024124,155183704,1,ENSG00000196549,MME,,
chr1,24899511,24965121,-1,ENSG00000020633,RUNX3,,
chr16,1072747,1081454,1,ENSG00000162009,SSTR5,,
chr2,79185231,80648861,1,ENSG00000066032,CTNNA2,,
chr11,75240774,75243704,1,ENSG00000261594,TPBGL,,
chr17,42552922,42555214,1,ENSG00000108786,HSD17B1,,
chr1,77888513,77943895,1,ENSG00000162614,NEXN,,
chr11,118527472,118531197,1,ENSG00000172425,TTC36,,
chr7,104940943,105115019,1,ENSG00000005483,KMT2E,,
chr19,18097778,18151692,1,ENSG00000099308,MAST3,,
chr11,118436456,118526832,1,ENSG00000118058,KMT2A,,
chr19,44662278,44684359,1,ENSG00000186567,CEACAM19,,
chr19,46143106,46161298,1,ENSG00000204866,IGFL2,,
chr3,42489299,42537573,1,ENSG00000114812,VIPR1,,
chr19,14147743,14206187,-1,ENSG00000072071,ADGRL1,,
chr7,74650231,74760692,1,ENSG00000263001,GTF2I,,
chr3,42692663,42702824,-1,ENSG00000010282,HHATL,,
chr11,64606174,64723197,-1,ENSG00000110076,NRXN2,,
chr3,42705756,42773253,-1,ENSG00000244607,CCDC13,,
chr12,120978543,121002512,1,ENSG00000135100,HNF1A,,
chr3,42653697,42667580,1,ENSG00000114853,ZBTB47,,
chr3,51873721,51875601,-1,ENSG00000214681,IQCF5,,
chr3,44555193,44594173,1,ENSG00000196345,ZKSCAN7,,
chr1,236518000,236552981,1,ENSG00000116977,LGALS8,,
chr3,44584888,44648471,1,ENSG00000186448,ZNF197,,
chr1,1401909,1407293,-1,ENSG00000242485,MRPL20,,
chr7,117287120,117715971,1,ENSG00000001626,CFTR,,
chr3,15254353,15341368,-1,ENSG00000131370,SH3BP5,,
chr1,19814029,19815283,-1,ENSG00000178828,RNF186,,
chr1,46557407,46616843,-1,ENSG00000079277,MKNK1,,
chr3,15427598,15450635,1,ENSG00000144597,EAF1,,
chr7,18086949,19002416,1,ENSG00000048052,HDAC9,,
chr11,69985907,70189530,1,ENSG00000131620,ANO1,,
chr12,72087266,72670758,1,ENSG00000072657,TRHDE,,
chr19,47608196,47703277,1,ENSG00000063169,BICRA,,
chr19,42086110,42196585,-1,ENSG00000028277,POU2F2,,
chr3,50267558,50277546,1,ENSG00000012171,SEMA3B,,
chr7,90167590,90238137,1,ENSG00000157214,STEAP2,,
chr12,12974870,13000265,-1,ENSG00000013583,HEBP1,,
chr7,95583499,95596516,-1,ENSG00000004799,PDK4,,
chr2,222860942,222944639,1,ENSG00000123983,ACSL3,,
chr12,49002274,49018807,-1,ENSG00000181929,PRKAG1,,
chr2,74361154,74392087,-1,ENSG00000204843,DCTN1,,
chr12,7089587,7109238,-1,ENSG00000139178,C1RL,,
chr12,1970772,2697950,1,ENSG00000151067,CACNA1C,,
chr17,45263119,45317029,-1,ENSG00000006062,MAP3K14,,
chr1,31629866,31644896,-1,ENSG00000162517,PEF1,,
chr17,40818117,40822614,-1,ENSG00000186395,KRT10,,
chr1,226144679,226186741,-1,ENSG00000182827,ACBD3,,
chr11,101029624,101129813,-1,ENSG00000082175,PGR,,
chr17,63998351,64004305,1,ENSG00000224383,PRR29,,
chr2,230990324,231025055,1,ENSG00000173699,SPATA3,,
chr17,45894527,46028334,1,ENSG00000186868,MAPT,,
chr1,39560709,39576790,-1,ENSG00000090621,PABPC4,,
chr12,564296,663589,-1,ENSG00000171840,NINJ2,,
chr2,165857475,165953851,-1,ENSG00000123607,TTC21B,,
chr16,50065967,50107272,1,ENSG00000155393,HEATR3,,
chr19,36445119,36489902,-1,ENSG00000186017,ZNF566,,
chr19,12014715,12035741,-1,ENSG00000197647,ZNF433,,
chr12,190077,214570,-1,ENSG00000111181,SLC6A12,,
chr11,47980559,48170839,1,ENSG00000149177,PTPRJ,,
chr7,1567332,1571005,-1,ENSG00000157778,PSMG3,,
chr7,1665745,1747946,1,ENSG00000225968,ELFN1,,
chr17,44170447,44179084,1,ENSG00000161664,ASB16,,
chr3,31657912,32077580,-1,ENSG00000144645,OSBPL10,,
chr19,47487637,47515091,-1,ENSG00000105402,NAPA,,
chr12,122983480,123151090,-1,ENSG00000090975,PITPNM2,,
chr12,130162459,130165740,1,ENSG00000111432,FZD10,,
chr3,146576555,146605346,-1,ENSG00000231213,PLSCR5,,
chr1,155335268,155563162,-1,ENSG00000116539,ASH1L,,
chr11,35138882,35232402,1,ENSG00000026508,CD44,,
chr2,24943636,24972094,-1,ENSG00000115137,DNAJC27,,
chr3,132680609,132722432,-1,ENSG00000113971,NPHP3,,
chr7,22725884,22732002,1,ENSG00000136244,IL6,,
chr1,110401249,110407942,-1,ENSG00000134248,LAMTOR5,,
chr1,220879431,220885059,1,ENSG00000136630,HLX,,
chr2,113215997,113278921,-1,ENSG00000125618,PAX8,,
chr3,48744597,48847874,-1,ENSG00000114302,PRKAR2A,,
chr19,54617158,54638022,1,ENSG00000104972,LILRB1,,
chr1,111680630,111755824,-1,ENSG00000197852,INKA2,,
chr1,111770662,111989668,-1,ENSG00000171385,KCND3,,
chr3,142596393,142713664,1,ENSG00000120756,PLS1,,
chr11,19350724,20121601,1,ENSG00000166833,NAV2,,
chr3,142949164,142963674,-1,ENSG00000188582,PAQR9,,
chr3,18345377,18445588,-1,ENSG00000182568,SATB1,,
chr1,161070998,161089558,-1,ENSG00000143217,NECTIN4,,
chr2,130073535,130129222,-1,ENSG00000196604,POTEF,,
chr2,191834310,191847088,-1,ENSG00000168497,CAVIN2,,
chr2,73926826,73958961,1,ENSG00000114956,DGUOK,,
chr17,42758447,42763041,1,ENSG00000131477,RAMP2,,
chr2,148875227,149026759,1,ENSG00000168280,KIF5C,,
chr1,154405193,154469450,1,ENSG00000160712,IL6R,,
chr3,45388561,45554726,1,ENSG00000011376,LARS2,,
chr3,45555394,45686341,1,ENSG00000144791,LIMD1,,
chr2,76747685,77593319,-1,ENSG00000176204,LRRTM4,,
chr19,35666517,35678481,1,ENSG00000105668,UPK1A,,
chr17,46029916,46225389,-1,ENSG00000120071,KANSL1,,
chr3,46515385,46606948,-1,ENSG00000163827,LRRC2,,
chr2,96184859,96208827,-1,ENSG00000084090,STARD7,,
chr12,14503661,14567883,-1,ENSG00000121316,PLBD1,,
chr16,88453280,88537031,1,ENSG00000179588,ZFPM1,,
chr11,18704312,18726230,-1,ENSG00000179057,IGSF22,,
chr1,151340640,151347326,-1,ENSG00000143390,RFX5,,
chr17,76142465,76240493,-1,ENSG00000141576,RNF157,,
chr16,88677688,88686507,-1,ENSG00000185669,SNAI3,,
chr12,75275979,75390928,-1,ENSG00000180881,CAPS2,,
chr16,30182827,30189076,1,ENSG00000102879,CORO1A,,
chr2,85837120,85905199,-1,ENSG00000115525,ST3GAL5,,
chr11,70467854,71252577,-1,ENSG00000162105,SHANK2,,
chr1,56994778,58546734,-1,ENSG00000173406,DAB1,,
chr3,192139390,192767764,-1,ENSG00000114279,FGF12,,
chr3,124761948,124901418,-1,ENSG00000082781,ITGB5,,
chr3,58008398,58172251,1,ENSG00000136068,FLNB,,
chr2,70087477,70089203,1,ENSG00000169564,PCBP1,,
chr1,165724293,165827755,-1,ENSG00000143183,TMCO1,,
chr3,9362971,9386791,1,ENSG00000134077,THUMPD3,,
chr11,9776776,10304877,-1,ENSG00000133812,SBF2,,
chr3,50329782,50340980,-1,ENSG00000068028,RASSF1,,
chr3,152243828,152465780,1,ENSG00000152601,MBNL1,,
chr17,1003519,1229738,-1,ENSG00000159842,ABR,,
chr11,119355215,119381711,-1,ENSG00000036672,USP2,,
chr11,119415476,119424985,-1,ENSG00000154096,THY1,,
chr3,195863364,195911945,-1,ENSG00000061938,TNK2,,
chr2,189746660,189763227,-1,ENSG00000128694,OSGEPL1,,
chr2,135787850,135837184,-1,ENSG00000115850,LCT,,
chr12,52232520,52252186,1,ENSG00000135480,KRT7,,
chr1,112911847,112957593,-1,ENSG00000155380,SLC16A1,,
chr1,115285904,115338770,-1,ENSG00000134259,NGF,,
chr11,83156988,83187451,1,ENSG00000165494,PCF11,,
chr11,83259081,83286390,-1,ENSG00000137500,CCDC90B,,
chr1,54225433,54413479,-1,ENSG00000157216,SSBP3,,
chr3,188153284,188890671,1,ENSG00000145012,LPP,,
chr1,154548577,154559028,-1,ENSG00000160714,UBE2Q1,,
chr3,35638945,35794496,1,ENSG00000172995,ARPP21,,
chr17,50271406,50281485,1,ENSG00000167105,TMEM92,,
chr1,46674659,46719146,-1,ENSG00000159658,EFCAB14,,
chr12,63779833,63809792,1,ENSG00000118600,RXYLT1,,
chr12,57723761,57742157,-1,ENSG00000135439,AGAP2,,
chr12,120210439,120265771,-1,ENSG00000089159,PXN,,
chr3,191199241,191265615,1,ENSG00000188729,OSTN,,
chr17,44308413,44318670,1,ENSG00000108309,RUNDC3A,,
chr1,43383917,43389808,-1,ENSG00000159479,MED8,,
chr12,25958232,26079892,1,ENSG00000123094,RASSF8,,
chr12,29412474,29497686,-1,ENSG00000187950,OVCH1,,
chr3,129314771,129316286,-1,ENSG00000184897,H1-10,,
chr1,156641390,156659532,1,ENSG00000132692,BCAN,,
chr12,9951316,9995694,1,ENSG00000172322,CLEC12A,,
chr1,51354263,51519266,-1,ENSG00000085832,EPS15,,
chr3,47227998,47283451,-1,ENSG00000088727,KIF9,,
chr12,31382226,31591136,-1,ENSG00000170456,DENND5B,,
chr1,51287258,51345116,-1,ENSG00000085831,TTC39A,,
chr17,74950742,74973166,-1,ENSG00000167861,HID1,,
chr1,100266216,100292769,1,ENSG00000137996,RTCA,,
chr11,78171249,78188626,-1,ENSG00000188997,KCTD21,,
chr17,6996049,7010754,1,ENSG00000108839,ALOX12,,
chr1,21217247,21345572,-1,ENSG00000117298,ECE1,,
chr3,159988835,159996019,1,ENSG00000168811,IL12A,,
chr3,70954693,71583978,-1,ENSG00000114861,FOXP1,,
chr12,27332836,27425289,1,ENSG00000029153,ARNTL2,,
chr1,74568117,74673792,-1,ENSG00000178965,ERICH3,,
chr11,2129112,2158391,-1,ENSG00000167244,IGF2,,
chr1,228208044,228378876,1,ENSG00000154358,OBSCN,,
chr12,12940575,12952170,-1,ENSG00000111291,GPRC5D,,
chr2,239048168,239401654,-1,ENSG00000068024,HDAC4,,
chr2,165984641,166149214,-1,ENSG00000144285,SCN1A,,
chr2,8678845,8684461,1,ENSG00000115738,ID2,,
chr17,29560547,29567037,-1,ENSG00000168792,ABHD15,,
chr1,11066618,11099869,-1,ENSG00000171824,EXOSC10,,
chr3,123610049,123884332,-1,ENSG00000065534,MYLK,,
chr2,32357023,32618878,1,ENSG00000115760,BIRC6,,
chr18,3247481,3256236,1,ENSG00000101608,MYL12A,,
chr18,3261479,3278461,1,ENSG00000118680,MYL12B,,
chr17,58520250,58544368,-1,ENSG00000108387,SEPTIN4,,
chr12,56152256,56159647,1,ENSG00000196465,MYL6B,,
chr3,193274789,193378820,-1,ENSG00000187527,ATP13A5,,
chr11,2376177,2397397,1,ENSG00000110651,CD81,,
chr3,178272932,178844429,1,ENSG00000197584,KCNMB2,,
chr3,8980591,9363053,-1,ENSG00000196220,SRGAP3,,
chr3,183015218,183116075,-1,ENSG00000078070,MCCC1,,
chr1,150549369,150560937,1,ENSG00000143382,ADAMTSL4,,
chr3,42600655,42648735,1,ENSG00000114857,NKTR,,
chr19,45769709,45782552,-1,ENSG00000104936,DMPK,,
chr1,43450989,43453989,-1,ENSG00000178922,HYI,,
chr11,94543840,94621421,1,ENSG00000134627,PIWIL4,,
chr17,74579365,74592283,-1,ENSG00000204345,CD300LD,,
chr1,1418420,1421769,-1,ENSG00000235098,ANKRD65,,
chr1,227728200,227781826,1,ENSG00000143740,SNAP47,,
chr1,2555639,2565382,1,ENSG00000157873,TNFRSF14,,
chr2,158456952,158682879,1,ENSG00000144283,PKP4,,
chr1,110338506,110346681,1,ENSG00000162775,RBM15,,
chr3,37243191,37366879,1,ENSG00000144674,GOLGA4,,
chr3,32685145,32773875,1,ENSG00000182973,CNOT10,,
chr1,151847101,151853712,-1,ENSG00000196407,THEM5,,
chr2,166888480,167259753,1,ENSG00000163092,XIRP2,,
chr1,35573314,35595328,1,ENSG00000116819,TFAP2E,,
chr17,15732247,15746162,1,ENSG00000214946,TBC1D26,,
chr17,68974488,69060949,-1,ENSG00000154258,ABCA9,,
chr3,184097064,184106995,1,ENSG00000186038,HTR3E,,
chr2,185738804,185833290,1,ENSG00000188738,FSIP2,,
chr2,132671788,133568463,-1,ENSG00000176771,NCKAP5,,
chr3,183919934,184017939,-1,ENSG00000114770,ABCC5,,
chr17,79022814,79049788,1,ENSG00000173918,C1QTNF1,,
chr3,169966635,169998373,1,ENSG00000008952,SEC62,,
chr2,201116154,201176687,1,ENSG00000003402,CFLAR,,
chr3,196935402,196942594,-1,ENSG00000114503,NCBP2,,
chr3,42809483,42942792,1,ENSG00000240747,KRBOX1,,
chr2,159318979,159616569,-1,ENSG00000123636,BAZ2B,,
chr3,43286512,43424764,1,ENSG00000163788,SNRK,,
chr2,162371407,162838767,-1,ENSG00000184611,KCNH7,,
chr1,15409888,15430339,1,ENSG00000142634,EFHD2,,
chr1,71063291,71081289,-1,ENSG00000132485,ZRANB2,,
chr3,101648889,101677135,-1,ENSG00000066422,ZBTB11,,
chr3,50088919,50119021,1,ENSG00000003756,RBM5,,
chr17,17681458,17811453,1,ENSG00000108557,RAI1,,
chr1,206635536,206684419,1,ENSG00000143479,DYRK3,,
chr3,98732236,98821201,1,ENSG00000064225,ST3GAL6,,
chr1,231162058,231221565,1,ENSG00000119283,TRIM67,,
chr2,1789113,2331664,-1,ENSG00000186487,MYT1L,,
chr17,12789498,12991643,1,ENSG00000006740,ARHGAP44,,
chr3,65353525,66038918,-1,ENSG00000151276,MAGI1,,
chr17,1517718,1562792,-1,ENSG00000174238,PITPNA,,
chr3,112815709,112846864,-1,ENSG00000206531,CD200R1L,,
chr1,206203346,206464436,1,ENSG00000266028,SRGAP2,,
chr2,178525989,178830802,-1,ENSG00000155657,TTN,,
chr3,58717365,59050084,-1,ENSG00000163689,CFAP20DC,,
chr17,47896150,47928957,1,ENSG00000167182,SP2,,
chr1,174159410,174995308,1,ENSG00000152061,RABGAP1L,,
chr3,158962235,159897629,1,ENSG00000283154,IQCJ-SCHIP1,,
chr3,149964904,150050788,-1,ENSG00000070087,PFN2,,
chr3,128462437,128466968,-1,ENSG00000179407,DNAJB8,,
chr1,117001750,117036552,1,ENSG00000134256,CD101,,
chr17,82458180,82490537,1,ENSG00000141562,NARF,,
chr1,33323623,33431095,-1,ENSG00000134686,PHC2,,
chr1,180912897,180951614,1,ENSG00000135835,KIAA1614,,
chr17,45221444,45247319,1,ENSG00000184922,FMNL1,,
chr2,219514170,219538772,1,ENSG00000072182,ASIC4,,
chr1,93179919,93278730,1,ENSG00000122483,CCDC18,,
chr1,170531819,170553834,1,ENSG00000120370,GORAB,,
chr1,159171609,159203313,1,ENSG00000162706,CADM3,,
chr1,24056035,24112135,-1,ENSG00000142661,MYOM3,,
chr3,173396284,174294372,1,ENSG00000169760,NLGN1,,
chr2,26970637,27027219,1,ENSG00000084764,MAPRE3,,
chr1,202007945,202017183,1,ENSG00000163435,ELF3,,
chr17,80260852,80398794,1,ENSG00000173821,RNF213,,
chr2,27042364,27070622,1,ENSG00000084693,AGBL5,,
chr3,13479724,13506424,1,ENSG00000163517,HDAC11,,
chr3,197960200,198043720,1,ENSG00000185621,LMLN,,
chr1,33513998,34165842,-1,ENSG00000121904,CSMD2,,
chr3,196980590,197029835,-1,ENSG00000163975,MELTF,,
chr3,197042560,197299330,-1,ENSG00000075711,DLG1,,
chr2,166195185,166376001,-1,ENSG00000169432,SCN9A,,
chr1,155033824,155050930,1,ENSG00000163357,DCST1,,
chr17,44191805,44200113,-1,ENSG00000087152,ATXN7L3,,
chr17,45160700,45170040,1,ENSG00000168517,HEXIM2,,
chr2,144364364,144521057,-1,ENSG00000169554,ZEB2,,
chr1,145933423,145958017,-1,ENSG00000271601,LIX1L,,
chr1,48532854,50023954,-1,ENSG00000186094,AGBL4,,
chr2,134918235,134959342,1,ENSG00000082258,CCNT2,,
chr1,63774017,64181498,1,ENSG00000185483,ROR1,,
chr1,178725165,178921842,1,ENSG00000116191,RALGPS2,,
chr1,15236521,15400283,1,ENSG00000142621,FHAD1,,
chr17,19215615,19336715,1,ENSG00000072134,EPN2,,
chr3,128479427,128493201,-1,ENSG00000179348,GATA2,,
chr1,226631690,226739323,-1,ENSG00000143772,ITPKB,,
chr2,206175316,206218047,-1,ENSG00000183671,CMKLR2,,
chr2,200810594,200827338,1,ENSG00000082153,BZW1,,
chr1,26432282,26471306,1,ENSG00000117682,DHDDS,,
chr1,204396492,204411887,-1,ENSG00000158615,PPP1R15B,,
chr1,24199558,24364482,1,ENSG00000158055,GRHL3,,
chr2,218356857,218368099,1,ENSG00000158428,CATIP,,
chr2,167293001,167874045,1,ENSG00000172318,B3GALT1,,
chr17,4967992,4987675,-1,ENSG00000108509,CAMTA2,,
chr17,4997950,5028401,1,ENSG00000129250,KIF1C,,
chr1,50437028,50960267,-1,ENSG00000185104,FAF1,,
chr17,5105269,5123162,-1,ENSG00000167840,ZNF232,,
chr2,217799588,218033982,-1,ENSG00000079308,TNS1,,
chr2,172427354,172506459,1,ENSG00000091409,ITGA6,,
chr2,54723499,54972025,1,ENSG00000214595,EML6,,
chr2,25377198,25673647,-1,ENSG00000138101,DTNB,,
chr1,151770107,151791416,-1,ENSG00000182134,TDRKH,,
chr1,235661041,235883640,-1,ENSG00000143669,LYST,,
chr2,177623244,178108339,-1,ENSG00000128655,PDE11A,,
chr1,47137435,47149727,1,ENSG00000162365,CYP4A22,,
chr2,70935900,70965431,1,ENSG00000116039,ATP6V1B1,,
chr1,9651731,9729114,1,ENSG00000171608,PIK3CD,,
chr2,40097270,40611053,-1,ENSG00000183023,SLC8A1,,
chr1,68098473,68233120,-1,ENSG00000116729,WLS,,
chr1,68045886,68051717,-1,ENSG00000162595,DIRAS3,,
chr1,23743448,23762059,1,ENSG00000011007,ELOA,,
chr1,31652263,31704319,-1,ENSG00000084636,COL16A1,,
chr2,27325849,27356999,-1,ENSG00000115207,GTF3C2,,
chr2,108449107,108509415,1,ENSG00000135968,GCC2,,
chr2,108533671,108687246,1,ENSG00000169756,LIMS1,,
chr1,41015589,41023237,-1,ENSG00000171790,SLFNL1,,
chr2,216412414,216483053,1,ENSG00000138375,SMARCAL1,,
chr1,201483530,201509456,-1,ENSG00000159176,CSRP1,,
chr1,201829149,201884291,1,ENSG00000198700,IPO9,,
chr1,19215660,19251552,-1,ENSG00000127463,EMC1,,
chr1,183472216,183598246,1,ENSG00000116698,SMG7,,
chr1,2050411,2185395,1,ENSG00000067606,PRKCZ,,
chr1,65792514,66374579,1,ENSG00000184588,PDE4B,,
chr1,151281618,151292176,1,ENSG00000143373,ZNF687,,
chr1,204422628,204494805,-1,ENSG00000133056,PIK3C2B,,
chr1,41361922,41383590,1,ENSG00000204060,FOXO6,,
chr1,11761787,11789585,1,ENSG00000215910,C1orf167,,
chr1,40691648,40771603,1,ENSG00000066136,NFYC,,
chr1,151837818,151840557,-1,ENSG00000225556,C2CD4D,,
chr1,22052627,22101360,1,ENSG00000070831,CDC42,,
chr1,209686178,209734949,1,ENSG00000117594,HSD11B1,,
chr1,86547078,86580754,1,ENSG00000016602,CLCA4,,
chr1,15736258,15741392,1,ENSG00000162461,SLC25A34,,
chr1,15742499,15747982,1,ENSG00000162460,TMEM82,,
chr1,30711277,30723585,-1,ENSG00000162510,MATN1,,
chr1,39757182,39788865,-1,ENSG00000116985,BMP8B,,
chr1,39895426,39902256,-1,ENSG00000116990,MYCL,,
chr1,98890245,99227929,-1,ENSG00000117598,PLPPR5,,
chr1,155320894,155331114,1,ENSG00000160753,RUSC1,,
chr1,155946851,156007070,-1,ENSG00000116584,ARHGEF2,,
chr1,178094104,178484147,1,ENSG00000075391,RASAL2,,
,,,,,,,
,,,,,,,
,,,,,,,
,,,,,,,
,,,,,,,
,,,,,,,
,,,,,,,
,,,,,,,
,,,,,,,
,,,,,,,
,,,,,,,
,,,,,,,
,,,,,,,
,,,,,,,
,,,,,,,
,,,,,,,
,,,,,,,
,,,,,,,
,,,,,,,
,,,,,,,
,,,,,,,
,,,,,,,
,,,,,,,
,,,,,,,
,,,,,,,
,,,,,,,
,,,,,,,
,,,,,,,
,,,,,,,
,,,,,,,
,,,,,,,
,,,,,,,
,,,,,,,
,,,,,,,
,,,,,,,
,,,,,,,
,,,,,,,
,,,,,,,
,,,,,,,
,,,,,,,
,,,,,,,
,,,,,,,
,,,,,,,
,,,,,,,
,,,,,,,
,,,,,,,
,,,,,,,
,,,,,,,
,,,,,,,
,,,,,,,
,,,,,,,
,,,,,,,
,,,,,,,
,,,,,,,
,,,,,,,
,,,,,,,
,,,,,,,
,,,,,,,
,,,,,,,
,,,,,,,
,,,,,,,
,,,,,,,
,,,,,,,
,,,,,,,
,,,,,,,
,,,,,,,
,,,,,,,
,,,,,,,
,,,,,,,
,,,,,,,
,,,,,,,
,,,,,,,
,,,,,,,
,,,,,,,
,,,,,,,
,,,,,,,
,,,,,,,
,,,,,,,
,,,,,,,
,,,,,,,
,,,,,,,
,,,,,,,
,,,,,,,
,,,,,,,
,,,,,,,
,,,,,,,
,,,,,,,
,,,,,,,
,,,,,,,
,,,,,,,
,,,,,,,
,,,,,,,
,,,,,,,
,,,,,,,
,,,,,,,
,,,,,,,
,,,,,,,
,,,,,,,
,,,,,,,
,,,,,,,
,,,,,,,
,,,,,,,
,,,,,,,
,,,,,,,
,,,,,,,
,,,,,,,
,,,,,,,
,,,,,,,
,,,,,,,
,,,,,,,
,,,,,,,
,,,,,,,
,,,,,,,
,,,,,,,
,,,,,,,
,,,,,,,
,,,,,,,
,,,,,,,
,,,,,,,
,,,,,,,
,,,,,,,
,,,,,,,
,,,,,,,
,,,,,,,
,,,,,,,
,,,,,,,
,,,,,,,
,,,,,,,
,,,,,,,
